CustomerType,CustID,CustName,CustEmail,CustPhone,CustAddress,CustState,CustState2,CustZip,,,,,,,,,,,,,,,,,
Business,700014362,Oberbrunner Inc.,rthomasonc@Oberbrunner.com,671-558-1510,54463 Moulton Circle,Birmingham,Alabama,35207,,,,,,,,,,,,,,,,,
Business,700014379,Schuppe Inc.,gbeadmanx@Schuppe.com,121-694-7850,81 Fremont Center,Birmingham,Alabama,35218,,,,,,,,,,,,,,,,,
Business,700014396,Lubowitz LLC,pmucklestonei@Lubowitz.com,330-727-7042,4 Pleasure Drive,Mobile,Alabama,36693,,,,,,,,,,,,,,,,,
Business,700014415,Wiegand Inc.,tsmitherhamg@Wiegand.com,527-835-1981,3 Redwing Crossing,Montgomery,Alabama,36110,,,,,,,,,,,,,,,,,
Business,700014432,Rosenbaum LLC,jtitcombeb@Rosenbaum.com,942-823-9603,72233 Manufacturers Place,Anchorage,Alaska,99504,,,,,,,,,,,,,,,,,
Business,700014453,Bechtelar LLC,adillonl@Bechtelar.com,980-932-8639,452 Ridgeview Crossing,Phoenix,Arizona,85004,,,,,,,,,,,,,,,,,
Business,700014471,Hickle LLC,bobingtonq@Hickle.com,322-495-9870,9 Florence Drive,Phoenix,Arizona,85013,,,,,,,,,,,,,,,,,
Business,700014490,Jacobi LLC,adrysdell@Jacobi.com,694-745-4335,702 Longview Parkway,Phoenix,Arizona,85018,,,,,,,,,,,,,,,,,
Business,700014510,Jones LLC,mbunting@Jones.com,757-170-6611,826 Northwestern Way,Phoenix,Arizona,85003,,,,,,,,,,,,,,,,,
Business,700014530,Torphy Invisionaries,obraleys@TorphyInvisionaries.com,786-954-6616,573 Glacier Hill Park,Phoenix,Arizona,85023,,,,,,,,,,,,,,,,,
Business,700014548,Graham LLC,mcholton@Graham.com,159-415-3689,3 Doe Crossing Circle,Scottsdale,Arizona,85260,,,,,,,,,,,,,,,,,
Business,700014568,Grant LLC,avan@Grant.com,633-582-1166,6 Sachtjen Parkway,Scottsdale,Arizona,85255,,,,,,,,,,,,,,,,,
Business,700014588,Murazik Inc.,fowtram@Murazik.com,559-549-7211,457 Reinke Hill,Tucson,Arizona,85749,,,,,,,,,,,,,,,,,
Business,700014606,Parker Group,mstogillh@ParkerGroup.com,639-111-2814,93208 Fuller Crossing,Tucson,Arizona,85712,,,,,,,,,,,,,,,,,
Business,700014628,Hegmann Group,rfilippik@HegmannGroup.com,340-749-5912,7100 Eagan Lane,Little Rock,Arkansas,72207,,,,,,,,,,,,,,,,,
Business,700014647,Farrell Group,aendacotte@FarrellGroup.com,583-873-1841,60 Stuart Street,Lamar,Arkansas,72846,,,,,,,,,,,,,,,,,
Business,700014666,Jast LLC,bgregore@Jast.org,677-439-2816,64631 Summit Alley,Bakersfield,California,93306,,,,,,,,,,,,,,,,,
Business,700014685,Emard LLC,dtunnick@Emard.com,577-785-6908,5 Blackbird Way,Fresno,California,93720,,,,,,,,,,,,,,,,,
Business,700014705,Zemlak Inc.,zjelks@Zemlak.org,494-473-4016,82 Esch Avenue,Fresno,California,93650,,,,,,,,,,,,,,,,,
Business,700014724,Herzog Group,rheskeyn@HerzogGroup.org,644-200-1526,205 Grim Street,Inglewood,California,90303,,,,,,,,,,,,,,,,,
Business,700014745,Barrows Inc.,brosewalle@Barrows.com,897-254-2151,823 Summerview Court,Los Angeles,California,90006,,,,,,,,,,,,,,,,,
Business,700014763,Casper-Brown,rcarress@CasperBrown.com,788-972-5848,3 Logan Park,Los Angeles,California,90016,,,,,,,,,,,,,,,,,
Business,700014782,Lowe Inc.,rkrammerh@Lowe.com,365-437-5622,85645 Orin Way,Los Angeles,California,90077,,,,,,,,,,,,,,,,,
Business,700014802,Russel Group,fredfieldh@RusselGroup.com,614-832-2747,5 Marquette Park,Los Angeles,California,90062,,,,,,,,,,,,,,,,,
Business,700014822,Fahey Forever Inc..,rtinsleyd@FaheyForever..com,387-372-4281,5 Jackson Place,Modesto,California,95357,,,,,,,,,,,,,,,,,
Business,700014842,Toy LLC,nfooksu@Toy.org,940-548-6755,19572 Veith Place,Mountain View,California,94041,,,,,,,,,,,,,,,,,
Business,700014861,Wehner and Sons,rhazeleyc@Wehner.com,223-844-2416,1 Kingsford Terrace,North Hollywood,California,91605,,,,,,,,,,,,,,,,,
Business,700014880,Hirthe College,lgottu@HirtheCollege.com,850-399-0708,85073 Crescent Oaks Terrace,Oakland,California,94602,,,,,,,,,,,,,,,,,
Business,700014899,Raynor Group,tofallonw@Raynor.com,541-307-4876,40682 Rigney Pass,Oakland,California,94607,,,,,,,,,,,,,,,,,
Business,700014921,Breitenberg LLC,lquarmby@BrownGroup.com,770-245-0481,70 Ridge Oak Park,Palmdale,California,93551,,,,,,,,,,,,,,,,,
Business,700014941,Cassin Inc.,agradona@Cassin.com,791-959-0661,53163 Anthes Avenue,Sacramento,California,95814,,,,,,,,,,,,,,,,,
Business,700014960,Jaskolski Company,jdelion@JaskolskiCompany.com,311-949-0578,42687 Tennessee Center,Sacramento,California,95828,,,,,,,,,,,,,,,,,
Business,700014981,Satterfield LLC,htanderm@Satterfield.com,767-598-1779,4 Eagan Street,Sacramento,California,95837,,,,,,,,,,,,,,,,,
Business,700015001,Leannon Group,gcookson@LeannonGroup.com,855-235-6667,90 Old Gate Point,San Diego,California,92103,,,,,,,,,,,,,,,,,
Business,700015019,Rogahn Group,pregis@RogahnGroup.com,853-506-2648,65 Rusk Pass,San Diego,California,92103,,,,,,,,,,,,,,,,,
Business,700015039,Rowe Informations Systems Inc..,mclearc@Rowe.com,276-247-1971,366 Dayton Plaza,San Diego,California,92139,,,,,,,,,,,,,,,,,
Business,700015057,Little and Sons,kmcgorleye@Little.com,410-667-3948,3 Hanover Drive,San Luis Obispo,California,93405,,,,,,,,,,,,,,,,,
Business,700015076,Upton LLC,vgrassick@Upton.com,757-894-6025,2368 Gateway Avenue,Santa Monica,California,90402,,,,,,,,,,,,,,,,,
Business,700015097,Pacocha Inc.,mcamme@Pacocha.com,397-475-2810,7 Main Lane,Santa Rosa,California,95403,,,,,,,,,,,,,,,,,
Business,700015116,Landon Hotel,gdalez@LandonHotel.com,414-686-7114,15 Veith Park,Sunnyvale,California,94085,,,,,,,,,,,,,,,,,
Business,700015134,Treats Inc.,mjeanesw@Treats.com,654-195-8785,51800 Graceland Alley,Torrance,California,90502,,,,,,,,,,,,,,,,,
Business,700015155,Crist Innovations,lkillicho@CristInnovations.com,691-113-9849,328 Johnson Hill,Ventura,California,93003,,,,,,,,,,,,,,,,,
Business,700015173,Christiansen Group,acosbyd@ChristiansenGroup.com,329-729-4162,84633 Monument Drive,Arvada,Colorado,80004,,,,,,,,,,,,,,,,,
Business,700015194,Blue Sky Kites,vmatteucciv@BlueSkyKites.com,578-460-5310,158 Myrtle Junction,Colorado Springs,Colorado,80910,,,,,,,,,,,,,,,,,
Business,700015215,CDIA Inc..,vleonardib@CDIA.com,937-147-3571,4 Shelley Court,Colorado Springs,Colorado,80938,,,,,,,,,,,,,,,,,
Business,700015235,Cremin LLC,fhaslehurstn@Cremin.com,495-193-4896,698 International Place,Denver,Colorado,80222,,,,,,,,,,,,,,,,,
Business,700015253,Dare LLC,cgehringu@Dare.com,540-188-3505,868 Buhler Road,Denver,Colorado,80299,,,,,,,,,,,,,,,,,
Business,700015274,Dietrich LLC,wgymlett@DietrichEngineering.com,114-783-5554,7580 Erie Place,Denver,Colorado,80235,,,,,,,,,,,,,,,,,
Business,700015292,Dooley Educators,rrookeby@DooleyEducators.com,565-957-7980,7839 South Avenue,Littleton,Colorado,80129,,,,,,,,,,,,,,,,,
Business,700015312,Dickens LLC,cpatulloz@Dickens.com,680-706-0673,346 Superior Point,Danbury,Connecticut,06811,,,,,,,,,,,,,,,,,
Business,700015331,Mertz LLC,rsandayw@Mertz.com,360-709-0249,71946 Golden Leaf Crossing,Hartford,Connecticut,06120,,,,,,,,,,,,,,,,,
Business,700015351,Kuhic Inc.,lhaver@Kuhic.com,568-960-7804,115 Oriole Place,Norwalk,Connecticut,06853,,,,,,,,,,,,,,,,,
Business,700015369,Funk and Sons,fstaggep@Funk.com,160-886-1308,59732 Tony Circle,Stamford,Connecticut,06905,,,,,,,,,,,,,,,,,
Business,700015388,Friesen Inc.,gfoucarn@Friesen.com,584-378-5160,27 Redwing Alley,Newark,Delaware,19711,,,,,,,,,,,,,,,,,
Individual,700015409,Spencer Educators,fwykey@Spencer.com,847-952-2952,7 Prentice Trail,Newark,Delaware,19713,,,,,,,,,,,,,,,,,
Business,700015427,Blick Inc.,bciubutarot@Blick.com,703-975-5375,27294 Debs Hill,Wilmington,Delaware,19809,,,,,,,,,,,,,,,,,
Business,700015447,Metz Group,dheysx@MetzGroup.com,333-649-9838,6 Chive Crossing,Wilmington,Delaware,19806,,,,,,,,,,,,,,,,,
Business,700015468,Doyle-Koelpin,aikringill@DoyleKoelpin.com,903-648-3490,827 Scott Center,Washington,District of Columbia,20005,,,,,,,,,,,,,,,,,
Business,700015487,Haag Group,jbamburyy@HPlusSport.com,367-920-3707,760 Ridgeview Circle,Washington,District of Columbia,20006,,,,,,,,,,,,,,,,,
Business,700015507,Kiehn LLC,sstanneringf@Kiehn.com,925-315-9440,1 Chive Trail,Washington,District of Columbia,20017,,,,,,,,,,,,,,,,,
Business,700015526,Kshlerin LLC,jbrydenp@Kshlerin.com,633-577-3022,3343 Cardinal Place,Washington,District of Columbia,20032,,,,,,,,,,,,,,,,,
Business,700015545,Lind Group,cbernc@Lindgren.com,974-509-9805,67 Old Gate Terrace,Washington,District of Columbia,20045,,,,,,,,,,,,,,,,,
Business,700015566,Ritchie LLC,dwestfrimley@Ritchie.com,548-583-5821,3 Ryan Point,Washington,District of Columbia,20260,,,,,,,,,,,,,,,,,
Business,700015585,Runolfsdottir Group,bbathaf@RunolfsdottirGroup.com,445-876-7396,5980 Clove Lane,Washington,District of Columbia,20002,,,,,,,,,,,,,,,,,
Business,700015604,SpencerInc.,ipahler@SpencerEducators.com,127-584-4508,3882 Hanson Park,Washington,District of Columbia,20003,,,,,,,,,,,,,,,,,
Business,700015624,Harber LLC,ekuhnertf@Harber.com,659-732-4339,5032 Veith Center,Clearwater,Florida,33755,,,,,,,,,,,,,,,,,
Business,700015643,Pollich Inc.,mtilsleyl@Pollich.com,149-686-4308,8375 Menomonie Circle,Clearwater,Florida,33762,,,,,,,,,,,,,,,,,
Business,700015663,Reinger Technologies,rlackie@ReingerTechnologies.com,309-252-6731,85669 Nelson Hill,Daytona Beach,Florida,32118,,,,,,,,,,,,,,,,,
Business,700015683,Fritsch Inc.,pduseyo@Fritsch.com,547-428-0473,7510 Stang Way,Hialeah,Florida,33016,,,,,,,,,,,,,,,,,
Business,700015703,Grady Inc.,ddelos@Grady.com,230-811-6675,866 Hallows Avenue,Hialeah,Florida,33018,,,,,,,,,,,,,,,,,
Business,700015723,Towne Coop,astanistreett@TowneCoop.org,190-178-7410,3 Cambridge Plaza,Jacksonville,Florida,32217,,,,,,,,,,,,,,,,,
Business,700015743,Torp Inc.,drobertr@Torp.com,453-743-1120,4 Ludington Junction,Lakeland,Florida,33810,,,,,,,,,,,,,,,,,
Business,700015761,Ratke LLC,dkillichu@RatkeAndSons.com,234-151-9824,316 Rusk Trail,Melbourne,Florida,32901,,,,,,,,,,,,,,,,,
Business,700015780,Strosin Innovations,ebeasleighf@StrosinInnovations.com,250-658-6014,927 Mockingbird Alley,Melbourne,Florida,32904,,,,,,,,,,,,,,,,,
Business,700015800,Gibson Group,fleanr@GibsonGroup.com,722-893-9184,31 Laurel Park,Miami,Florida,33138,,,,,,,,,,,,,,,,,
Business,700015819,Ledner LLC,asuthren@LednerLLC.com,651-366-2226,774 Monterey Junction,Miami,Florida,33142,,,,,,,,,,,,,,,,,
Business,700015839,Leffler Inc.,kmacneely@Leffler.com,461-446-0368,457 Alpine Place,Miami,Florida,33131,,,,,,,,,,,,,,,,,
Business,700015859,Lynch Security,slunnk@LynchSecurity.com,448-430-9325,23 Logan Place,Miami,Florida,33156,,,,,,,,,,,,,,,,,
Business,700015877,Schinner Inc.,wvedikhovt@Schinner.com,676-239-5173,88 Comanche Junction,Naples,Florida,34103,,,,,,,,,,,,,,,,,
Business,700015896,H Plus Sport,chaking@HaagGroup.com,551-765-5505,989 Trailsway Parkway,Ocala,Florida,34470,,,,,,,,,,,,,,,,,
Business,700015916,Abbott Group,ssivorn@AbbottGroup.com,566-539-4070,7 Sloan Way,Orlando,Florida,32804,,,,,,,,,,,,,,,,,
Business,700015936,Buckridge Inc.,bdeal@Buckridge.com,140-510-0455,415 Bashford Crossing,Orlando,Florida,32817,,,,,,,,,,,,,,,,,
Business,700015954,Champlin Inc.,jbirrelc@Champlin.com,459-287-3058,131 Anhalt Street,Orlando,Florida,32837,,,,,,,,,,,,,,,,,
Business,700015975,Goldner LLC,oharvisonw@Goldner.com,159-792-1609,2963 Tennessee Alley,Orlando,Florida,32812,,,,,,,,,,,,,,,,,
Business,700015993,Hamill Inc.,ahallorb@Hamill.com,221-257-8918,63697 Fallview Alley,Orlando,Florida,32812,,,,,,,,,,,,,,,,,
Business,700016014,Ledner Inc.,kkinzett@Ledner.com,829-425-5566,78241 Crownhardt Parkway,Orlando,Florida,32834,,,,,,,,,,,,,,,,,
Business,700016034,Nicolas Inc.,eboyen@Nicolas.com,793-246-1268,77718 South Lane,Orlando,Florida,32833,,,,,,,,,,,,,,,,,
Business,700016052,Ernser International,mlowndsboroughb@ErnserInt.org,946-116-5260,34352 Toban Plaza,Pensacola,Florida,32505,,,,,,,,,,,,,,,,,
Business,700016071,The Mayer Company,gmilellak@TheMayerCompany.org,847-243-6721,9074 Kings Center,Punta Gorda,Florida,33980,,,,,,,,,,,,,,,,,
Business,700016090,Parisian LLC,tferiag@Parisian.com,151-532-3338,361 Stang Court,Tallahassee,Florida,32317,,,,,,,,,,,,,,,,,
Business,700016110,O'Kon Inc.,cgrimsditchb@OKon.com,551-933-8613,1 4th Junction,Tampa,Florida,33621,,,,,,,,,,,,,,,,,
Business,700016129,Yost LLC,aadenotr@Yost.com,577-853-4096,18 Straubel Alley,Tampa,Florida,33624,,,,,,,,,,,,,,,,,
Business,700016149,Mante Group,bmcanultyo@ManteGroup.com,969-860-6898,155 Waubesa Place,West Palm Beach,Florida,33401,,,,,,,,,,,,,,,,,
Business,700016169,Wyman Institute,mduchartq@WymanInstitute.com,803-169-7038,9891 Ohio Circle,Albany,Georgia,30411,,,,,,,,,,,,,,,,,
Business,700016189,Jacobson Group,gdabbs@JacobsonGroup.com,730-689-8884,158 Bashford Way,Athens,Georgia,30605,,,,,,,,,,,,,,,,,
Business,700016209,Hills Group,pbuxtons@HillsGroup.com,436-955-2736,13 Toban Plaza,Atlanta,Georgia,30607,,,,,,,,,,,,,,,,,
Business,700016228,Hodkiewicz Inc.,abynertv@Hodkiewicz.com,289-238-8548,32 Lakewood Parkway,Atlanta,Georgia,30319,,,,,,,,,,,,,,,,,
Business,700016247,Jakubowski Inc.,lmuldoon@Jakubowski.com,756-747-6264,35 Prairie Rose Pass,Atlanta,Georgia,30329,,,,,,,,,,,,,,,,,
Business,700016267,Keeling Inc.,akirckmanb@Keeling.com,459-961-3919,73631 Pepper Wood Plaza,Atlanta,Georgia,30340,,,,,,,,,,,,,,,,,
Business,700016286,Kohler Inc.,mmarishenkol@Kohler.com,169-668-2233,82 Debs Road,Atlanta,Georgia,30308,,,,,,,,,,,,,,,,,
Business,700016309,Kohler LLC,sruzekm@KohlerLLC.com,477-564-8254,3445 Glendale Hill,Atlanta,Georgia,30317,,,,,,,,,,,,,,,,,
Business,700016328,Larson Inc.,aculpin@Larson.com,855-694-4776,60 Ronald Regan Alley,Atlanta,Georgia,30331,,,,,,,,,,,,,,,,,
Business,700016349,Schoen Technologies,ekuhnkev@SchoenTechnologies.com,794-627-5450,204 Monica Court,Atlanta,Georgia,30329,,,,,,,,,,,,,,,,,
Business,700016366,The Orn Company,agratrexl@TheOrnCompany.com,697-291-8148,208 Ludington Parkway,Atlanta,Georgia,30307,,,,,,,,,,,,,,,,,
Business,700016387,Brown Group,ebrydon@Buckridge.com,919-736-3620,99132 Kingsford Center,Cumming,Georgia,30040,,,,,,,,,,,,,,,,,
Business,700016406,Hackett LLC,jgiacopelo@Hackett.com,559-280-6555,278 Victoria Alley,Gainesville,Georgia,30504,,,,,,,,,,,,,,,,,
Business,700016424,Ebert LLC,rlidgely@Ebert.com,668-216-3436,90 Warbler Avenue,Macon,Georgia,31210,,,,,,,,,,,,,,,,,
Business,700016445,Mountain Run LLC,lstoffersen@MountainRun.com,927-743-2859,22 North Parkway,Macon,Georgia,31201,,,,,,,,,,,,,,,,,
Business,700016464,Beahan Inc.,rforrestj@Beahan.org,389-616-2926,7539 Miller Center,Honolulu,Hawaii,96822,,,,,,,,,,,,,,,,,
Business,700016482,Zoo Technologies,dhendonsont@ZooTechnologies.com,555-317-3317,2222 Northland Crossing,Honolulu,Hawaii,96814,,,,,,,,,,,,,,,,,
Business,700016503,Boehm Inc.,qhaganw@Boehm.com,220-879-7682,9 Crowley Way,Boise,Idaho,83703,,,,,,,,,,,,,,,,,
Business,700016524,Lindgren LLC,lrosewarned@LindGroup.com,780-199-0234,82521 Dexter Place,Boise,Idaho,83716,,,,,,,,,,,,,,,,,
Business,700016542,Beatty LLC,zainsburyk@Beatty.com,614-639-2609,349 Vermont Terrace,Pocatello,Idaho,83204,,,,,,,,,,,,,,,,,
Business,700016562,Langworth and Sons,gpavlitschek@Langworth.com,772-648-1223,1 Kensington Way,Aurora,Illinois,60503,,,,,,,,,,,,,,,,,
Business,700016581,Hansen Inc.,tglassupe@Hansen.com,669-443-6026,718 Mockingbird Road,Chicago,Illinois,60619,,,,,,,,,,,,,,,,,
Business,700016599,Connelly LLC,achasterj@Connelly.com,522-538-4261,343 Monument Street,Evanston,Illinois,60203,,,,,,,,,,,,,,,,,
Business,700016619,Dietrich Engineering ,achadd@Dietrich.com,796-346-3755,9000 Village Green Court,Peoria,Illinois,61607,,,,,,,,,,,,,,,,,
Business,700016638,Hayes LLC,lgommesi@Hayes.com,429-105-0275,15 Maple Place,Schaumburg,Illinois,60173,,,,,,,,,,,,,,,,,
Business,700016656,Bashirian International,kmatyushking@Bashirian.com,177-459-5099,4680 Grim Park,Springfield,Illinois,62701,,,,,,,,,,,,,,,,,
Business,700016676,Heaney Group,ebirdisj@HeaneyGroup.com,830-436-1406,1114 Bay Plaza,Springfield,Illinois,62704,,,,,,,,,,,,,,,,,
Business,700016696,Durgan Group,mdorant@DurganGroup.com,304-453-2213,2 Evergreen Hill,Evansville,Indiana,47720,,,,,,,,,,,,,,,,,
Business,700016714,Feest Inc.,zgabrielyg@Feest.com,846-261-8310,254 School Point,Evansville,Indiana,47725,,,,,,,,,,,,,,,,,
Business,700016733,Moore LLC,hvickerman@Moore.org,639-325-2845,1 Stuart Trail,Evansville,Indiana,47708,,,,,,,,,,,,,,,,,
Business,700016754,Leuschke Inc.,fpennaccib@Leuschke.com,607-473-2914,297 Armistice Center,Fort Wayne,Indiana,46815,,,,,,,,,,,,,,,,,
Business,700016772,Waters Co.,ncarolib@WatersCo..com,770-338-9385,3 Park Meadow Terrace,Fort Wayne,Indiana,46804,,,,,,,,,,,,,,,,,
Business,700016793,Pixelford Photography,nortesk@PixelfordPhotography.com,436-115-3716,9258 Burning Wood Alley,Indianapolis,Indiana,46239,,,,,,,,,,,,,,,,,
Business,700016813,Ruecker LLC,dbartosiake@RunolfsdottirGroup.com,134-229-5515,9996 Lukken Lane,Indianapolis,Indiana,46208,,,,,,,,,,,,,,,,,
Business,700016830,Ward-Mills,lsmullina@WardMills.com,398-862-3643,84 Swallow Alley,Indianapolis,Indiana,46221,,,,,,,,,,,,,,,,,
Business,700016851,Rippin Industries,blionel@RippinIndustries.com,674-929-5631,7562 Vernon Plaza,Des Moines,Iowa,50310,,,,,,,,,,,,,,,,,
Business,700016870,Predovic LLC,sgrettonn@Predovic.org,519-669-9661,82580 Namekagon Court,Iowa City,Iowa,52242,,,,,,,,,,,,,,,,,
Business,700016887,Carter and Sons,fcapron@Carter.com,497-502-1578,9469 Marquette Plaza,Sioux City,Iowa,51109,,,,,,,,,,,,,,,,,
Business,700016908,Cartwright LLC,conele@Cartwright.org,557-882-9176,977 Duke Terrace,Sioux City,Iowa,51101,,,,,,,,,,,,,,,,,
Business,700016927,Aufderhar Tech,jmulvya@AufderharTech.org,756-509-7669,78 Mayfield Park,Kansas City,Kansas,66112,,,,,,,,,,,,,,,,,
Business,700016946,Renner LLC,wascough@RennerGroup.com,431-514-7888,89 Summit Lane,Kansas City,Kansas,66103,,,,,,,,,,,,,,,,,
Business,700016965,San Angelico Museum,dbrolechanj@SanAngelicoMuseum.com,723-663-7230,39009 Pierstorff Hill,Kansas City,Kansas,66115,,,,,,,,,,,,,,,,,
Business,700016985,Lockman Group,mmacgrayg@LockmanGroup.com,812-855-8532,3 Emmet Junction,Shawnee ,Kansas,66217,,,,,,,,,,,,,,,,,
Business,700017004,Marvin Inc.,chinnersq@Marvin.com,201-758-1245,7 Eagle Crest Way,Shawnee Mission,Kansas,66250,,,,,,,,,,,,,,,,,
Business,700017024,Ullrich Inc.,gglawsop@Ullrich.com,295-583-3378,55 Sherman Trail,Topeka,Kansas,66609,,,,,,,,,,,,,,,,,
Business,700017044,Fay LLC,hfarfalameevf@Fay.org,194-227-7297,49 Pepper Wood Drive,Wichita,Kansas,67276,,,,,,,,,,,,,,,,,
Business,700017062,Gislason Inc.,kconquers@Gislason.org,862-852-8193,12 Washington Trail,Wichita,Kansas,67276,,,,,,,,,,,,,,,,,
Business,700017081,Labadie Inc.,sferronex@Labadie.com,558-442-1548,26 Havey Pass,Wichita,Kansas,67276,,,,,,,,,,,,,,,,,
Business,700017102,Glover LLC,lsalkeldv@Glover.com,786-181-9486,92 Moose Trail,London,Kentucky,40741,,,,,,,,,,,,,,,,,
Business,700017119,Witting Innovations,teastupn@WittingInnovations.com,213-889-6815,3338 Vermont Park,London,Kentucky,40744,,,,,,,,,,,,,,,,,
Business,700017140,Conn and Sons,pdornanh@ConnAndSons.com,401-350-3459,146 Lotheville Place,Louisville,Kentucky,40211,,,,,,,,,,,,,,,,,
Business,700017160,Conn Inc.,hrubinivitzi@Conn.com,789-242-9741,24 Artisan Center,Louisville,Kentucky,40214,,,,,,,,,,,,,,,,,
Business,700017178,Denesik Games,ygravyx@DenesikGames.org,147-806-0719,7 Troy Avenue,Louisville,Kentucky,40203,,,,,,,,,,,,,,,,,
Business,700017199,Rau-Dickinson,jgerrietzv@RauDickinson.com,579-356-6879,15 Pine View Parkway,Louisville,Kentucky,40218,,,,,,,,,,,,,,,,,
Business,700017219,Wilderman Inc.,jvialsh@Wilderman.org,689-136-5012,953 Nancy Way,Louisville,Kentucky,40223,,,,,,,,,,,,,,,,,
Business,700017238,Barton Inc.,mkeanf@Barton.com,525-805-3951,9279 Charing Cross Parkway,Lafayette,Louisiana,70506,,,,,,,,,,,,,,,,,
Business,700017259,Daniel-Champlin Tech,etimlettt@DanielChamplinTech.com,844-621-9170,10 Anhalt Alley,Lake Charles,Louisiana,70607,,,,,,,,,,,,,,,,,
Business,700017280,Mohr Group,mpurvisz@MohrGroup.com,440-560-5291,89 Morning Street,Lake Charles,Louisiana,70611,,,,,,,,,,,,,,,,,
Business,700017300,Brekke Productions,gfright@BrownGroup.com,971-155-8576,34231 Forest Junction,New Orleans,Louisiana,70116,,,,,,,,,,,,,,,,,
Business,700017319,Frami LLC,astanggjertsenl@Frami.com,549-599-4671,35948 Evergreen Junction,New Orleans,Louisiana,70123,,,,,,,,,,,,,,,,,
Business,700017340,Gleason LLC,apysert@Gleason.com,840-688-9522,517 Hayes Terrace,Shreveport,Louisiana,71109,,,,,,,,,,,,,,,,,
Business,700017358,Tillman International,pewbanksq@TillmanInternational.com,337-188-2740,366 Fulton Center,Shreveport,Louisiana,71104,,,,,,,,,,,,,,,,,
Business,700017379,Feil LLC,bpeeth@Feil.com,619-582-2117,9 Westport Lane,Baltimore,Maryland,21229,,,,,,,,,,,,,,,,,
Business,700017400,The Lesch Company,ydibbinj@TheLeschCompany.com,853-665-1941,358 Buell Court,Baltimore,Maryland,21215,,,,,,,,,,,,,,,,,
Business,700017419,Volkman LLC,madey@Volkman.com,800-101-9786,32365 Meadow Vale Trail,Baltimore,Maryland,21201,,,,,,,,,,,,,,,,,
Business,700017439,Hand LLC,swindsord@Hand.com,605-320-0372,2191 Vera Center,Ridgely,Maryland,21660,,,,,,,,,,,,,,,,,
Business,700017461,Auer Inc.,ameneely@AufderharTech.com,939-881-6709,5 Elgar Circle,Rockville,Maryland,20852,,,,,,,,,,,,,,,,,
Business,700017479,Stiedemann Securities ,csicha@StiedemannSecurities.com,240-319-2404,515 Little Fleur Junction,Silver Spring,Maryland,20904,,,,,,,,,,,,,,,,,
Business,700017500,Keebler Group,blorrainea@KeeblerGroup.org,842-723-0383,83026 Corben Lane,Boston,Massachusetts,02203,,,,,,,,,,,,,,,,,
Business,700017519,Thompson Inc.,dnisetp@Thompson.com,185-746-1881,948 Green Lane,Boston,Massachusetts,02115,,,,,,,,,,,,,,,,,
Business,700017537,Wilkinson LLC,ckeelyj@Wilkinson.com,605-125-4017,58 Everett Parkway,Boston,Massachusetts,02222,,,,,,,,,,,,,,,,,
Business,700017557,Schaefer Inc.,tupsaleq@Schaefer.com,718-125-8448,143 Debs Center,Lynn,Massachusetts,01902,,,,,,,,,,,,,,,,,
Business,700017577,Lemke LLC,hovendalea@Lemke.com,759-700-5053,33 Springs Way,Newton,Massachusetts,02458,,,,,,,,,,,,,,,,,
Business,700017594,Hahn-Hand,acoutts@HahnHand.com,161-346-8656,9528 Waubesa Crossing,Waltham,Massachusetts,02452,,,,,,,,,,,,,,,,,
Business,700017614,Nolan Inc.,msimmonsa@Nolan.com,697-965-7341,48890 Loeprich Court,Waltham,Massachusetts,02081,,,,,,,,,,,,,,,,,
Business,700017634,Beier Inc.,oburkillo@Beier.com,585-329-1113,263 Walton Terrace,Ann Arbor,Michigan,48108,,,,,,,,,,,,,,,,,
Business,700017652,Hammes Inc.,ecromiec@Hammes.com,510-374-7461,226 Hanson Alley,Grand Rapids,Michigan,49507,,,,,,,,,,,,,,,,,
Business,700017672,Pouros Inc.,bgoldspinkm@Pouros.com,891-331-6523,6082 Crownhardt Road,Kalamazoo,Michigan,49006,,,,,,,,,,,,,,,,,
Business,700017691,Langosh Inc.,cwollard@Langosh.org,344-542-3124,37267 Sycamore Parkway,Loretto,Minnesota,49852,,,,,,,,,,,,,,,,,
Business,700017709,Bergstrom LLC,bellerayq@Bergstrom.com,998-315-7096,10 South Way,Minneapolis,Minnesota,55408,,,,,,,,,,,,,,,,,
Business,700017729,Bernier Security,mbarnhillr@BernierSecurity.com,965-606-2904,1 Southridge Drive,Minneapolis,Minnesota,55408,,,,,,,,,,,,,,,,,
Business,700017748,Green-Shields,wtowndrow@GreenShields.com,879-646-3218,5446 Farragut Park,Minneapolis,Minnesota,55445,,,,,,,,,,,,,,,,,
Business,700017766,The Wisoky Team,dgolightlyn@TheWisokyTeam.com,376-989-5376,357 Bartillon Center,Minneapolis,Minnesota,55439,,,,,,,,,,,,,,,,,
Business,700017785,Thiel Group,lruddo@ThielGroup.com,146-265-4900,8 American Ash Alley,Minneapolis,Minnesota,55454,,,,,,,,,,,,,,,,,
Business,700017806,Cole Inc.,asolanf@Cole.com,730-758-1579,47144 Westport Court,Rochester,Minnesota,55904,,,,,,,,,,,,,,,,,
Business,700017824,Heller Inc.,akasherl@Heller.com,298-677-3639,51 Green Ridge Street,Saint Paul,Minnesota,55103,,,,,,,,,,,,,,,,,
Business,700014363,Hilpert Industries,deddoest@HilpertIndustries.com,694-505-9279,90 Tennyson Avenue,Saint Paul,Minnesota,55117,,,,,,,,,,,,,,,,,
Business,700014380,Rath LLC,ahubeauxs@Rath.com,552-572-7573,55705 Calypso Lane,Young America,Minnesota,55397,,,,,,,,,,,,,,,,,
Business,700014397,Walker Group,acrippes@WalkerGroup.com,954-309-1980,12304 Pepper Wood Lane,Young America,Minnesota,55397,,,,,,,,,,,,,,,,,
Business,700014416,Trantow Technologies,akemsleyv@TrantowTechnologies.com,877-367-7547,111 Oneill Avenue,Gulfport,Mississippi,39501,,,,,,,,,,,,,,,,,
Business,700014434,Turner and Sons,nrowlett@Turner.com,211-779-9988,68 Banding Drive,Jackson,Mississippi,39213,,,,,,,,,,,,,,,,,
Business,700014454,Faded Light Inc..,cesselc@FadedLight.org,820-514-9504,619 Mandrake Point,Jefferson City,Missouri,65109,,,,,,,,,,,,,,,,,
Business,700014472,Becker LLC,dthamesm@Becker.com,151-489-8259,157 New Castle Plaza,Kansas City,Missouri,64156,,,,,,,,,,,,,,,,,
Business,700014492,Borer LLC,finglisx@Borer.com,847-566-4425,4404 Comanche Way,Kansas City,Missouri,64102,,,,,,,,,,,,,,,,,
Business,700014511,Quitzon Inc.,cpaffr@Quitzon.com,901-126-0455,6 Lerdahl Pass,Kansas City,Missouri,64119,,,,,,,,,,,,,,,,,
Business,700014531,Raynor LLC,fmussettx@RaynorGroup.com,803-171-7584,7 Forest Run Circle,Kansas City,Missouri,64149,,,,,,,,,,,,,,,,,
Business,700014550,Murphy LLC,cbarnicott@Murphy.com,355-380-5760,871 Ryan Plaza,Saint Louis,Missouri,63123,,,,,,,,,,,,,,,,,
Business,700014569,Prosacco Securities,pnewlovep@ProsaccoSecurities.com,306-781-1526,9727 Schmedeman Park,Springfield,Missouri,65809,,,,,,,,,,,,,,,,,
Business,700014589,Donnelly Group,ldufray@DonnellyGroup.com,746-997-6424,1329 Meadow Valley Point,Billings,Montana,59010,,,,,,,,,,,,,,,,,
Business,700014608,McKenzie Inc..,bfowldsu@McKenzie..com,393-131-8375,76 Aberg Hill,Billings,Montana,59106,,,,,,,,,,,,,,,,,
Business,700014629,Runte Inc.,mryderg@Runte.org,994-941-3095,29 Toban Hill,Bozeman,Montana,59718,,,,,,,,,,,,,,,,,
Business,700014648,Schmidt Group,lfrancau@SchmidtGroup.com,844-343-1293,39017 Bunker Hill Lane,Lincoln,Nebraska,68521,,,,,,,,,,,,,,,,,
Business,700014668,Stracke International,vbisterfeldc@StrackeInternational.com,983-487-1281,3 Forster Alley,Omaha,Nebraska,68127,,,,,,,,,,,,,,,,,
Business,700014686,Dibbert Inc.,dshewsmithy@Dibbert.org,699-508-8693,7759 Longview Lane,Carson City,Nevada,89705,,,,,,,,,,,,,,,,,
Business,700014706,Spinka LLC,mstiffell@Spinka.com,606-643-9936,18 Boyd Place,Carson City,Nevada,89706,,,,,,,,,,,,,,,,,
Business,700014726,Sauer AI Tech,mpostansn@Sauer.com,580-576-0334,5 Namekagon Court,Henderson,Nevada,89014,,,,,,,,,,,,,,,,,
Business,700014746,Fisher Inc.,rhembryj@Fisher.com,100-633-8825,81605 Carioca Junction,Las Vegas,Nevada,89109,,,,,,,,,,,,,,,,,
Business,700014764,Koss Industries,vlawsonn@KossIndustries.com,320-524-1823,6182 Lakewood Gardens Pass,Las Vegas,Nevada,89179,,,,,,,,,,,,,,,,,
Business,700014784,Walsh Inc.,dredwood@Walsh.org,200-458-1937,977 Bartelt Court,Las Vegas,Nevada,89148,,,,,,,,,,,,,,,,,
Business,700014803,Bahringer Group,mconibeerb@BahringerGroup.com,515-743-0906,96 Debra Pass,Manchester,New Hampshire,03104,,,,,,,,,,,,,,,,,
Business,700014823,LMD Resources,jelleynef@LMDResources.com,622-976-0522,58486 Evergreen Trail,Portsmouth,New Hampshire,03801,,,,,,,,,,,,,,,,,
Business,700014844,Stokes Electronics,mriccioa@StokesElectronics.com,407-274-7567,1862 Homewood Point,Portsmouth,New Hampshire,03801,,,,,,,,,,,,,,,,,
Business,700014862,Ferry Group,gcholomini@FerryGroup.com,593-840-1934,8856 Sloan Plaza,Camden,New Jersey,08103,,,,,,,,,,,,,,,,,
Business,700014881,Gutmann LLC,fraddenbury@Gutmann.com,489-849-5393,56650 Norway Maple Avenue,Paterson,New Jersey,07522,,,,,,,,,,,,,,,,,
Business,700014901,Sanford Security,vvidineevl@SanfordSecurity.com,295-989-3648,709 Carberry Center,Paterson,New Jersey,07524,,,,,,,,,,,,,,,,,
Business,700014923,Johnson LLC,kabate@Johnson.com,955-653-0041,4 La Follette Drive,Trenton,New Jersey,08619,,,,,,,,,,,,,,,,,
Business,700014942,Daugherty Group,rblackdenv@DaughertyGroup.com,689-978-5882,6828 Meadow Valley Way,Albuquerque,New Mexico,87123,,,,,,,,,,,,,,,,,
Business,700014962,Howe LLC,nbridgenx@Howe.com,991-512-4822,647 Fulton Place,Santa Fe,New Mexico,87506,,,,,,,,,,,,,,,,,
Business,700014982,Cruickshank LLC,aolliffq@Cruickshank.com,718-289-4833,1 Burrows Circle,Albany,New York,12208,,,,,,,,,,,,,,,,,
Business,700015002,Waelchi Inc.,ledmeads@Waelchi.com,621-666-4021,154 Eastwood Crossing,Albany,New York,12202,,,,,,,,,,,,,,,,,
Business,700015021,McGlynn Group,dlayfieldt@McGlynnGroup.com,786-538-9949,79414 South Center,Bronx,New York,10464,,,,,,,,,,,,,,,,,
Business,700015040,Goodwin Inc.,shurworthx@Goodwin.com,607-948-2263,2312 Summerview Park,Brooklyn,New York,11210,,,,,,,,,,,,,,,,,
Business,700015059,Veum Group,mbeven@VeumGroup.com,810-314-2755,29 Fremont Crossing,Brooklyn,New York,11243,,,,,,,,,,,,,,,,,
Business,700015078,Grimes-Satterfield,abroader@GrimesSatterfield.com,649-123-0020,9 Mcguire Crossing,Buffalo,New York,14213,,,,,,,,,,,,,,,,,
Business,700015098,Kreiger LLC,cchamberlino@Kreiger.com,116-186-8678,923 Esker Junction,Buffalo,New York,14208,,,,,,,,,,,,,,,,,
Business,700015117,Smith Technologies,fsnyder@SmithTechnologies.com,106-355-8981,4 Annamark Plaza,Buffalo,New York,14280,,,,,,,,,,,,,,,,,
Business,700015137,Altenwerth and Sons,dbandey@Altenwerth.com,112-543-4824,72 Trailsway Place,Jamaica,New York,11432,,,,,,,,,,,,,,,,,
Business,700015156,Deckow Inc.,lhudelw@Deckow.org,596-693-2972,624 Cardinal Place,Jamaica,New York,11436,,,,,,,,,,,,,,,,,
Business,700015174,Botsford Inc.,pcockshottz@Botsford.com,905-530-1619,511 Red Cloud Trail,New York City,New York,10012,,,,,,,,,,,,,,,,,
Business,700015196,Carroll Inc.,tlody@Carroll.com,411-969-7172,154 Gale Avenue,New York City,New York,10013,,,,,,,,,,,,,,,,,
Business,700015216,Cummings LLC,rgullimanr@Cummings.com,351-819-3607,674 Southridge Place,New York City,New York,10025,,,,,,,,,,,,,,,,,
Business,700015236,Gerhold Group,cmountjoyq@GerholdGroup.com,281-484-4139,210 Eastlawn Street,New York City,New York,10115,,,,,,,,,,,,,,,,,
Business,700015255,Homenick Group,syarwoodw@HomenickGroup.com,186-684-6413,7 Clarendon Way,New York City,New York,10270,,,,,,,,,,,,,,,,,
Business,700015275,Skiles Inc.,fbranwhitez@Skiles.org,641-619-5064,348 Talisman Park,New York City,New York,10012,,,,,,,,,,,,,,,,,
Business,700015293,Stoltenberg LLC,ddemetzb@Stoltenberg.com,143-920-8582,7627 Laurel Hill,New York City,New York,10013,,,,,,,,,,,,,,,,,
Business,700015314,Swift Inc.,lpatkinh@Swift.com,620-945-2433,1 Old Shore Terrace,New York City,New York,10034,,,,,,,,,,,,,,,,,
Business,700015332,Treutel Group,llemany@TreutelGroup.com,968-604-0675,66 Talmadge Trail,New York City,New York,10121,,,,,,,,,,,,,,,,,
Business,700015352,Turcotte Corp,imaraz@TurcotteCorp.com,503-677-0220,99 Eagan Road,New York City,New York,10105,,,,,,,,,,,,,,,,,
Business,700015371,Walter LTD,gcheccucci@WalterLTD.com,247-933-0329,7 Charing Cross Crossing,Rochester,New York,14610,,,,,,,,,,,,,,,,,
Business,700015390,Rice Inc.,lantonovic@Rice.com,585-194-2466,805 Schiller Pass,Yonkers,New York,10704,,,,,,,,,,,,,,,,,
Business,700015410,Bednar IT Inc.,jmirrallsn@BednarIT.com,469-832-8017,68631 Corry Circle,Charlotte,North Carolina,28212,,,,,,,,,,,,,,,,,
Business,700015429,Gusikowski Group,chritzko@GusikowskiGroup.org,997-796-9999,37 Vernon Point,Charlotte,North Carolina,28270,,,,,,,,,,,,,,,,,
Business,700015448,Jenkins LLC,sbrunsden@Jenkins.com,559-671-5633,212 Florence Trail,Charlotte,North Carolina,28273,,,,,,,,,,,,,,,,,
Business,700015469,Kemmer and Sons,egeraudc@Kemmer.com,875-312-6787,5460 Barnett Junction,Charlotte,North Carolina,28214,,,,,,,,,,,,,,,,,
Business,700015489,Ratke and Sons,ldjordjevict@Ratke.com,828-820-5000,29595 Rutledge Park,Charlotte,North Carolina,28282,,,,,,,,,,,,,,,,,
Business,700015508,Sporer Inc.,fkasper@Sporer.com,354-300-0692,2 Judy Trail,Charlotte,North Carolina,28280,,,,,,,,,,,,,,,,,
Business,700015527,Stanton LLC,tlongcake@Stanton.com,833-872-3667,59375 Roxbury Crossing,Charlotte,North Carolina,28285,,,,,,,,,,,,,,,,,
Business,700015548,Hilll LLC,agrogerr@Hilll.com,112-327-5397,25678 Cottonwood Drive,Fayetteville,North Carolina,28311,,,,,,,,,,,,,,,,,
Business,700015567,McCullough LLC,kcullums@McCullough.com,850-566-0345,7 Mccormick Place,Raleigh,North Carolina,27616,,,,,,,,,,,,,,,,,
Business,700015587,Stehr Group,apettett@StehrGroup.com,892-672-4624,2498 Memorial Hill,Raleigh,North Carolina,27610,,,,,,,,,,,,,,,,,
Business,700015606,Erdman LLC,cmolloya@Erdman.com,327-548-5314,568 Mcguire Pass,Winston Salem,North Carolina,27105,,,,,,,,,,,,,,,,,
Business,700015625,Baumbach Security,meggersi@BaumbachSecurity.com,136-791-5312,271 Michigan Street,Bismarck,North Dakota,58501,,,,,,,,,,,,,,,,,
Business,700015644,Renner Group,gseckom@Renner.com,789-917-7546,6 Talisman Pass,Bismarck,North Dakota,58505,,,,,,,,,,,,,,,,,
Business,700015666,Franecki Corporation,lgoodierm@Friesen.com,215-710-1988,815 Sheridan Trail,Fargo,North Dakota,58103,,,,,,,,,,,,,,,,,
Business,700015684,Hudson LLC,mgrigolettiz@Hudson.com,431-310-6069,74 Beilfuss Center,Akron,Ohio,44310,,,,,,,,,,,,,,,,,
Business,700015704,Kessler Inc.,popfere@Kessler.com,674-818-4258,84227 Crownhardt Point,Akron,Ohio,44302,,,,,,,,,,,,,,,,,
Business,700015725,Bergnaum Group,aminorp@BergnaumGroup.com,390-683-4013,8 Marquette Crossing,Canton,Ohio,44707,,,,,,,,,,,,,,,,,
Business,700015744,Gorczany Inc.,cterneyy@Gorczany.org,578-162-5284,7990 Pond Park,Canton,Ohio,44707,,,,,,,,,,,,,,,,,
Business,700015762,Romaguera LLC,rsinclairea@Romaguera.org,937-771-7237,9545 La Follette Plaza,Cincinnati,Ohio,45209,,,,,,,,,,,,,,,,,
Business,700015783,White Group,bsperskif@WhiteGroup.com,357-538-6000,1 Londonderry Point,Cincinnati,Ohio,45218,,,,,,,,,,,,,,,,,
Business,700015801,Anderson LLC,pcure@Anderson.org,864-231-0090,590 Golf Circle,Cleveland,Ohio,44108,,,,,,,,,,,,,,,,,
Business,700015820,Vandervort LLC,dburnapp@Vandervort.com,166-610-1493,4 Carberry Center,Cleveland,Ohio,44104,,,,,,,,,,,,,,,,,
Business,700015841,Koch LLC,mknowlmani@Koch.com,701-285-2339,508 Vermont Pass,Columbus,Ohio,43212,,,,,,,,,,,,,,,,,
Business,700015860,Kuvalis Group,akeyw@KuvalisGroup.com,401-895-2143,80899 Saint Paul Place,Columbus,Ohio,43203,,,,,,,,,,,,,,,,,
Business,700015878,Bins Inc.,bpomerys@Bins.org,562-791-9764,84 Buena Vista Avenue,Dayton,Ohio,45410,,,,,,,,,,,,,,,,,
Business,700015898,MacGyver Group,adelacrouxl@MacGyverGroup.com,753-171-0292,790 Waubesa Center,Mansfield,Ohio,44905,,,,,,,,,,,,,,,,,
Business,700015917,Nader LLC,pwherry@Nader.com,150-649-2083,20080 Nancy Hill,Youngstown,Ohio,44511,,,,,,,,,,,,,,,,,
Business,700015937,The Davis Company,gellistoni@TheDavisCompany.com,837-191-3441,4078 Crownhardt Road,Youngstown,Ohio,44504,,,,,,,,,,,,,,,,,
Business,700015956,Halvorson LLC,mfeathersbya@Halvorson.com,229-175-7100,2876 Schiller Place,Norman,Oklahoma,73071,,,,,,,,,,,,,,,,,
Business,700015976,Pfeffer LLC,dkimminsj@Pfeffer.com,319-795-5429,552 Novick Terrace,Norman,Oklahoma,73026,,,,,,,,,,,,,,,,,
Business,700015994,Abshire Inc.,bbreche@Abshire.com,989-763-0887,528 Mayer Junction,Oklahoma City,Oklahoma,73106,,,,,,,,,,,,,,,,,
Business,700016016,Paucek LLC,ffulbrooki@Paucek.com,403-520-8483,40 Scott Court,Oklahoma City,Oklahoma,73173,,,,,,,,,,,,,,,,,
Business,700016035,Robotics LLC,acrossfeld@Robotics.com,753-465-9675,80 Swallow Pass,Oklahoma City,Oklahoma,73116,,,,,,,,,,,,,,,,,
Business,700016053,Harris Inc.,kdegouyg@Harris.org,869-620-0842,982 Northwestern Crossing,Tulsa,Oklahoma,74103,,,,,,,,,,,,,,,,,
Business,700016073,Mills Inc.,taubrayy@Mills.com,690-352-1981,51 Northwestern Park,Tulsa,Oklahoma,74131,,,,,,,,,,,,,,,,,
Business,700016091,Reichel and Sons,bevasony@Reichel.com,832-722-3190,5 Corben Road,Tulsa,Oklahoma,74119,,,,,,,,,,,,,,,,,
Business,700016111,Wintheiser Inc.,wburnsidem@Wintheiser.com,273-637-2150,36 Morningstar Court,Portland,Oregon,97221,,,,,,,,,,,,,,,,,
Business,700016131,WPS Technologies,jjeffcoatep@WPSTechnologies.com,236-543-6701,63059 Crest Line Place,Erie,Pennsylvania,16511,,,,,,,,,,,,,,,,,
Business,700016150,Bauch Group,ssendleyh@BauchGroup.com,480-776-8642,321 Haas Terrace,Harrisburg,Pennsylvania,17103,,,,,,,,,,,,,,,,,
Business,700016170,Hessel LLC,aolfordo@Hessel.org,999-479-9285,3384 Duke Parkway,Harrisburg,Pennsylvania,17113,,,,,,,,,,,,,,,,,
Business,700016191,Maggio LLC,cgridleym@Maggio.com,769-601-7562,10 Carey Crossing,McKeesport,Pennsylvania,15132,,,,,,,,,,,,,,,,,
Business,700016210,Sauer LLC,kinsullo@SauerAITech.com,178-758-6026,7 Luster Park,New Castle,Pennsylvania,16105,,,,,,,,,,,,,,,,,
Business,700016229,Schiller LLC,thamers@Schiller.com,648-133-1803,5 Buell Center,New Castle,Pennsylvania,16108,,,,,,,,,,,,,,,,,
Business,700016249,Koepp Inc.,jkupeck@Koepp.org,544-202-8561,870 Rigney Lane,Philadelphia,Pennsylvania,19106,,,,,,,,,,,,,,,,,
Business,700016268,D'Amore LLC,cconors@D'Amore.org,972-105-5433,919 Green Ridge Point,Pittsburgh,Pennsylvania,15222,,,,,,,,,,,,,,,,,
Business,700016287,Lakin LLC,fstratfordy@Lakin.org,152-923-5319,747 Green Pass,Pittsburgh,Pennsylvania,15215,,,,,,,,,,,,,,,,,
Business,700016310,Sawayn Inc.,aperfordp@Sawayn.com,654-857-4000,95 Declaration Parkway,Pittsburgh,Pennsylvania,15205,,,,,,,,,,,,,,,,,
Business,700016329,Stroman Inc.,scolline@Stroman.com,177-642-5210,2 Maple Wood Terrace,Pittsburgh,Pennsylvania,15211,,,,,,,,,,,,,,,,,
Business,700016350,Ankunding Inc.,bswine@Ankunding.com,524-339-4611,18836 Old Shore Lane,Beaufort,South Carolina,29906,,,,,,,,,,,,,,,,,
Business,700016367,Legros Inc.,rfassman@Legros.com,727-735-1548,43821 Schlimgen Place,Charleston,South Carolina,29406,,,,,,,,,,,,,,,,,
Business,700016388,Bosco Group,ugibbesony@BoscoGroup.com,625-118-9749,34 Grover Way,Columbia,South Carolina,29204,,,,,,,,,,,,,,,,,
Business,700016407,Rutherford Group,tmccreedyi@RutherfordGroup.com,397-414-9563,798 Drewry Junction,Columbia,South Carolina,29205,,,,,,,,,,,,,,,,,
Business,700016425,Wolff LLC,rleslieo@Wolff.com,103-134-8670,9263 South Point,Columbia,South Carolina,29205,,,,,,,,,,,,,,,,,
Business,700016446,Bailey Inc.,fmcveec@Bailey.com,154-533-1414,461 Everett Crossing,Greenville,South Carolina,29607,,,,,,,,,,,,,,,,,
Business,700016465,Mraz Group,wlachaize@MrazGroup.org,374-279-0645,9581 Meadow Valley Terrace,Spartanburg,South Carolina,29303,,,,,,,,,,,,,,,,,
Business,700016483,Rempel Inc.,dbimson@Rempel.com,473-701-2897,58 Blue Bill Park Way,Sioux Falls,South Dakota,57105,,,,,,,,,,,,,,,,,
Business,700016504,Balistreri Group,lpauleyd@BalistreriGroup.org,875-257-7563,8 Rigney Way,Knoxville,Tennessee,37921,,,,,,,,,,,,,,,,,
Business,700016526,King Inc.,lmaysorg@King.com,588-292-1242,74589 North Crossing,Knoxville,Tennessee,37922,,,,,,,,,,,,,,,,,
Business,700016543,Kuhlman Inc.,mkillcrosss@Kuhlman.com,831-564-3801,5670 Nobel Circle,Knoxville,Tennessee,37902,,,,,,,,,,,,,,,,,
Business,700016563,Lehner Inc.,mpittman@Lehner.com,210-668-8594,8657 Randy Circle,Knoxville,Tennessee,37923,,,,,,,,,,,,,,,,,
Business,700016582,The TMC Company,cdurradm@TheTMCCompany.com,170-392-5350,2692 Claremont Trail,Knoxville,Tennessee,37923,,,,,,,,,,,,,,,,,
Business,700016600,Armstrong Resources,bjurgenson@ArmstrongResources.com,961-650-9820,4998 Acker Plaza,Memphis,Tennessee,38131,,,,,,,,,,,,,,,,,
Business,700016620,Collier and Sons,rfisbyg@Collier.com,927-560-6618,28542 Drewry Pass,Memphis,Tennessee,38116,,,,,,,,,,,,,,,,,
Business,700016640,Quigley Inc.,efulkq@Quigley.com,760-832-0038,9183 Southridge Place,Memphis,Tennessee,38107,,,,,,,,,,,,,,,,,
Business,700016657,Robel Inc.,nscurr@Robel.com,535-443-1114,1826 Namekagon Terrace,Memphis,Tennessee,38108,,,,,,,,,,,,,,,,,
Business,700016677,Kassulke-Schneider,ecrotty@KassulkeSchneider.com,147-886-9640,602 Carioca Junction,Nashville,Tennessee,37216,,,,,,,,,,,,,,,,,
Business,700016697,Gleichner Inc.,rborelandu@Gleichner.com,503-695-2970,9 Spohn Terrace,Austin,Texas,78742,,,,,,,,,,,,,,,,,
Business,700016715,Nitzsche Group,fprine@NitzscheGroup.com,668-883-2321,5488 Dexter Place,Austin,Texas,78744,,,,,,,,,,,,,,,,,
Business,700016734,Ortiz Inc.,mpendletond@Ortiz.com,364-885-9114,757 5th Junction,Austin,Texas,78745,,,,,,,,,,,,,,,,,
Business,700016755,Simonis Inc.,jwalteringy@Simonis.com,922-148-7637,45259 Burning Wood Place,Austin,Texas,78705,,,,,,,,,,,,,,,,,
Business,700016773,Marks Inc.,lbohlsenp@Marks.com,468-879-4081,22714 Kenwood Center,Beaumont,Texas,77706,,,,,,,,,,,,,,,,,
Business,700016794,Harvey Group,dcollcotth@HarveyGroup.com,951-152-2994,6711 Weeping Birch Circle,Dallas,Texas,75219,,,,,,,,,,,,,,,,,
Business,700016814,Koelpin and Sons,kmessagej@Koelpin.org,936-825-0969,441 Forest Dale Drive,Dallas,Texas,75240,,,,,,,,,,,,,,,,,
Business,700016831,Schroeder Library,cpoulglaisw@SchroederLibrary.com,531-850-4918,66 Village Avenue,Dallas,Texas,75232,,,,,,,,,,,,,,,,,
Business,700016852,Williamson Co.,elorenzinik@WilliamsonCo.com,564-902-5870,1564 Sunnyside Circle,Dallas,Texas,75214,,,,,,,,,,,,,,,,,
Business,700016871,Boyer LLC,abrownsill@Boyer.com,936-459-6187,58 Village Green Road,El Paso,Texas,79932,,,,,,,,,,,,,,,,,
Business,700016888,DuBuque Group,wsails@DuBuqueGroup.com,686-502-8096,6 Helena Alley,El Paso,Texas,79903,,,,,,,,,,,,,,,,,
Business,700016909,Kub LLC,sbaggsq@Kub.com,217-399-3195,4 Monument Avenue,El Paso,Texas,79910,,,,,,,,,,,,,,,,,
Business,700016928,Kuhn Group,lraimentt@KuhnGroup.com,580-502-4586,1304 Forster Street,El Paso,Texas,79908,,,,,,,,,,,,,,,,,
Business,700016947,Price Inc.,awingateo@Price.org,218-308-9601,2059 Rusk Parkway,El Paso,Texas,79925,,,,,,,,,,,,,,,,,
Business,700016966,Kunze Group,draggattu@KunzeGroup.com,682-628-3420,28392 Chive Crossing,Fort Worth,Texas,76155,,,,,,,,,,,,,,,,,
Business,700016987,Larkin Group,bphippin@LarkinGroup.com,806-721-0867,57666 Jana Circle,Fort Worth,Texas,76123,,,,,,,,,,,,,,,,,
Business,700017005,Luettgen Security,aturneuxj@LuettgenSecurity.com,829-978-2761,20 Welch Hill,Fort Worth,Texas,76106,,,,,,,,,,,,,,,,,
Business,700017025,Stamm Group,bjillins@StammGroup.com,393-205-2715,12150 Eagan Junction,Fort Worth,Texas,76104,,,,,,,,,,,,,,,,,
Business,700017045,Adams LLC,kprall@Adams.com,344-793-3345,432 Comanche Circle,Houston,Texas,77011,,,,,,,,,,,,,,,,,
Business,700017063,Mann LLC,aflecknoen@Mann.com,369-197-7823,64493 Eliot Plaza,Houston,Texas,77021,,,,,,,,,,,,,,,,,
Business,700017082,Wilderman Technologies,lpancoasti@WildermanTechnologies.com,194-120-4726,5 Kipling Parkway,Houston,Texas,77035,,,,,,,,,,,,,,,,,
Business,700017103,Huels Inc.,smcilhone@Huels.org,181-729-0161,75 Forster Circle,San Antonio,Texas,78204,,,,,,,,,,,,,,,,,
Business,700017121,Sanford Group,bderlk@SanfordGroup.com,401-285-5771,45552 Swallow Point,San Antonio,Texas,78228,,,,,,,,,,,,,,,,,
Business,700017141,Tremblay Inc.,fpenbarthyx@Tremblay.com,511-125-6938,6288 Loomis Park,San Antonio,Texas,78212,,,,,,,,,,,,,,,,,
Business,700017161,McClure Inc.,sfranksr@McClure.com,516-403-6670,3 Transport Lane,Ogden,Utah,84405,,,,,,,,,,,,,,,,,
Business,700017179,Clever Industries,mmariele@CleverIndustries.com,936-846-8627,33910 Hermina Center,Salt Lake City,Utah,84114,,,,,,,,,,,,,,,,,
Business,700017200,Corkery International ,pturbatm@Corkery.com,888-586-8040,7155 Westerfield Trail,Salt Lake City,Utah,84129,,,,,,,,,,,,,,,,,
Business,700017220,Kerluke Inc.,olowndsbroughd@Kerluke.com,718-813-4290,723 Fallview Point,Salt Lake City,Utah,84107,,,,,,,,,,,,,,,,,
Business,700017239,Block Security,cfeckeyu@BlockSecurity.com,895-996-2357,540 Northfield Hill,Alexandria,Virginia,22310,,,,,,,,,,,,,,,,,
Business,700017260,Medhurst Inc.,elanchburyv@Medhurst.com,264-782-2643,60 Longview Pass,Alexandria,Virginia,22306,,,,,,,,,,,,,,,,,
Business,700017282,Swaniawski Group,edoylendg@SwaniawskiGroup.com,508-300-2275,7 Kings Place,Ashburn,Virginia,20148,,,,,,,,,,,,,,,,,
Business,700017301,Mraz Ullrich Inc..,tmiddlemiss@MrazUllrich.com,222-199-6855,91 1st Terrace,Falls Church,Virginia,22043,,,,,,,,,,,,,,,,,
Business,700017320,Schamberger Inc.,cbeaudryr@Schamberger.com,236-322-8290,178 Oriole Point,Fredericksburg,Virginia,22405,,,,,,,,,,,,,,,,,
Business,700017341,Nikolaus LLC,dfullagar@Nikolaus.com,790-514-0184,61139 Meadow Valley Avenue,Hampton,Virginia,23661,,,,,,,,,,,,,,,,,
Business,700017359,Conroy Information Systems,cgeraudk@Conroy.org,192-850-8146,10 Morningstar Pass,Norfolk,Virginia,23511,,,,,,,,,,,,,,,,,
Business,700017380,Considine Group,pritchmanl@ConsidineGroup.org,521-619-5998,29573 Ohio Hill,Norfolk,Virginia,23505,,,,,,,,,,,,,,,,,
Business,700017402,Kutch Inc.,mrubenovicv@Kutch.com,864-629-5263,28 Blaine Pass,Richmond,Virginia,23221,,,,,,,,,,,,,,,,,
Business,700017420,Wehner Inc.,szapaterd@Wehner.com,806-489-3809,6864 Kingsford Pass,Richmond,Virginia,23237,,,,,,,,,,,,,,,,,
Business,700017440,Abernathy LLC,kvaux@Abernathy.org,309-438-8411,32 Muir Park,Roanoke,Virginia,24016,,,,,,,,,,,,,,,,,
Business,700017462,Pagac LLC,fflintoftf@Pagac.org,901-493-7139,2 Northwestern Park,Roanoke,Virginia,24013,,,,,,,,,,,,,,,,,
Business,700017480,Sporer LLC,lsawers@SporerInc.com,824-512-7806,722 Quincy Junction,Virginia Beach,Virginia,23459,,,,,,,,,,,,,,,,,
Business,700017501,Kirlin Inc.,jspurnierh@Kirlin.com,598-695-2940,81879 Tennyson Road,Everett,Washington,98204,,,,,,,,,,,,,,,,,
Business,700017520,Bradtke Inc.,delkington@Bradtke.com,285-920-5110,770 Shasta Circle,Lakewood,Washington,98499,,,,,,,,,,,,,,,,,
Business,700017538,Effertz LLC,rameerbeg@Effertz.com,534-364-0518,4 Elka Drive,Seattle,Washington,98117,,,,,,,,,,,,,,,,,
Business,700017558,Flatley-Effertz,ysolomonk@FlatleyEffertz.com,427-194-7537,552 Grim Trail,Seattle,Washington,98106,,,,,,,,,,,,,,,,,
Business,700017578,Rowe LLC,samyd@RoweInformationsSystems..com,823-147-0145,9 8th Lane,Seattle,Washington,98125,,,,,,,,,,,,,,,,,
Business,700017595,Herman LLC,lpozzim@Herman.com,921-536-6674,81249 Norway Maple Hill,Tacoma,Washington,98422,,,,,,,,,,,,,,,,,
Business,700017615,Streich LLC,bcoutthartd@Streich.com,725-317-6032,9 Fulton Place,Tacoma,Washington,98405,,,,,,,,,,,,,,,,,
Business,700017635,Reilly LLC,ballewellz@Reilly.com,271-938-3939,8 Westport Avenue,Vancouver,Washington,98683,,,,,,,,,,,,,,,,,
Business,700017653,Hettinger and Sons,jrabjohnp@Hettinger.com,238-127-1225,1 Hudson Alley,Charleston,West Virginia,25309,,,,,,,,,,,,,,,,,
Business,700017673,Gottlieb-Jenkins,doconnorz@GottliebJenkins.com,788-300-5373,12742 Meadow Valley Pass,Huntington,West Virginia,25705,,,,,,,,,,,,,,,,,
Business,700017692,West Technologies,hmille@WestTechnologies.com,432-616-2319,2724 Grim Trail,Huntington,West Virginia,25701,,,,,,,,,,,,,,,,,
Business,700017710,Crooks Group,imckeemanp@CrooksGroup.org,866-112-7707,8094 Hallows Drive,Milwaukee,Wisconsin,53221,,,,,,,,,,,,,,,,,
Business,700017730,Windler Tech Supplies,cjeel@WindlerTechSupplies.com,999-185-3764,16 Stang Center,Cheyenne,Wyoming,82001,,,,,,,,,,,,,,,,,
