CustID,CustName,Customer Name,CustEmail,CustPhone,CustAddress,CustState,CustState2,CustZip,,,,,,,,,,,,,,,,,
15916,Abbott Group,Samantha Sivorn,ssivorn@AbbottGroup.com,566-539-4070,7 Sloan Way,Orlando,Florida,32804,,,,,,,,,,,,,,,,,
17440,Abernathy LLC,Kent Vaux,kvaux@Abernathy.org,309-438-8411,32 Muir Park,Roanoke,Virginia,24016,,,,,,,,,,,,,,,,,
15994,Abshire Inc.,Ben Breche,bbreche@Abshire.com,989-763-0887,528 Mayer Junction,Oklahoma City,Oklahoma,73106,,,,,,,,,,,,,,,,,
17045,Adams LLC,Keith Prall,kprall@Adams.com,344-793-3345,432 Comanche Circle,Houston,Texas,77011,,,,,,,,,,,,,,,,,
15137,Altenwerth and Sons,Devina Bandey,dbandey@Altenwerth.com,112-543-4824,72 Trailsway Place,Jamaica,New York,11432,,,,,,,,,,,,,,,,,
15801,Anderson LLC,Perry Cure,pcure@Anderson.org,864-231-0090,590 Golf Circle,Cleveland,Ohio,44108,,,,,,,,,,,,,,,,,
16350,Ankunding Inc.,Boston Swine,bswine@Ankunding.com,524-339-4611,18836 Old Shore Lane,Beaufort,South Carolina,29906,,,,,,,,,,,,,,,,,
16600,Armstrong Resources,Bodhi Jurgenson,bjurgenson@ArmstrongResources.com,961-650-9820,4998 Acker Plaza,Memphis,Tennessee,38131,,,,,,,,,,,,,,,,,
17461,Auer Inc.,Amanda Meneely,ameneely@AufderharTech.com,939-881-6709,5 Elgar Circle,Rockville,Maryland,20852,,,,,,,,,,,,,,,,,
16927,Aufderhar Tech,Jackie Mulvya,jmulvya@AufderharTech.org,756-509-7669,78 Mayfield Park,Kansas City,Kansas,66112,,,,,,,,,,,,,,,,,
14803,Bahringer Group,Mason Conibeerb,mconibeerb@BahringerGroup.com,515-743-0906,96 Debra Pass,Manchester,New Hampshire,03104,,,,,,,,,,,,,,,,,
16446,Bailey Inc.,Febe Mcveec,fmcveec@Bailey.com,154-533-1414,461 Everett Crossing,Greenville,South Carolina,29607,,,,,,,,,,,,,,,,,
16504,Balistreri Group,Lori Pauleyd,lpauleyd@BalistreriGroup.org,875-257-7563,8 Rigney Way,Knoxville,Tennessee,37921,,,,,,,,,,,,,,,,,
14745,Barrows Inc.,Brittney Rosewalle,brosewalle@Barrows.com,897-254-2151,823 Summerview Court,Los Angeles,California,90006,,,,,,,,,,,,,,,,,
17238,Barton Inc.,Malee Keanf,mkeanf@Barton.com,525-805-3951,9279 Charing Cross Parkway,Lafayette,Louisiana,70506,,,,,,,,,,,,,,,,,
16656,Bashirian International,Kalena Matyushking,kmatyushking@Bashirian.com,177-459-5099,4680 Grim Park,Springfield,Illinois,62701,,,,,,,,,,,,,,,,,
16150,Bauch Group,Sheena Sendleyh,ssendleyh@BauchGroup.com,480-776-8642,321 Haas Terrace,Harrisburg,Pennsylvania,17103,,,,,,,,,,,,,,,,,
15625,Baumbach Security,Michael Eggersi,meggersi@BaumbachSecurity.com,136-791-5312,271 Michigan Street,Bismarck,North Dakota,58501,,,,,,,,,,,,,,,,,
16464,Beahan Inc.,Ronald Forrestj,rforrestj@Beahan.org,389-616-2926,7539 Miller Center,Honolulu,Hawaii,96822,,,,,,,,,,,,,,,,,
16542,Beatty LLC,Zach Ainsburyk,zainsburyk@Beatty.com,614-639-2609,349 Vermont Terrace,Pocatello,Idaho,83204,,,,,,,,,,,,,,,,,
14453,Bechtelar LLC,Aurelia Dillon,adillonl@Bechtelar.com,980-932-8639,452 Ridgeview Crossing,Phoenix,Arizona,85004,,,,,,,,,,,,,,,,,
14472,Becker LLC,Deborah Thamesm,dthamesm@Becker.com,151-489-8259,157 New Castle Plaza,Kansas City,Missouri,64156,,,,,,,,,,,,,,,,,
15410,Bednar IT Inc.,Jay Mirrallsn,jmirrallsn@BednarIT.com,469-832-8017,68631 Corry Circle,Charlotte,North Carolina,28212,,,,,,,,,,,,,,,,,
17634,Beier Inc.,Oswello Burkillo,oburkillo@Beier.com,585-329-1113,263 Walton Terrace,Ann Arbor,Michigan,48108,,,,,,,,,,,,,,,,,
15725,Bergnaum Group,Ashton Minorp,aminorp@BergnaumGroup.com,390-683-4013,8 Marquette Crossing,Canton,Ohio,44707,,,,,,,,,,,,,,,,,
17709,Bergstrom LLC,Blanche Ellerayq,bellerayq@Bergstrom.com,998-315-7096,10 South Way,Minneapolis,Minnesota,55408,,,,,,,,,,,,,,,,,
17729,Bernier Security,Mari Barnhillr,mbarnhillr@BernierSecurity.com,965-606-2904,1 Southridge Drive,Minneapolis,Minnesota,55408,,,,,,,,,,,,,,,,,
15878,Bins Inc.,Brody Pomerys,bpomerys@Bins.org,562-791-9764,84 Buena Vista Avenue,Dayton,Ohio,45410,,,,,,,,,,,,,,,,,
15427,Blick Inc.,Boris Ciubutarot,bciubutarot@Blick.com,703-975-5375,27294 Debs Hill,Wilmington,Delaware,19809,,,,,,,,,,,,,,,,,
17239,Block Security,Cheyenne Feckeyu,cfeckeyu@BlockSecurity.com,895-996-2357,540 Northfield Hill,Alexandria,Virginia,22310,,,,,,,,,,,,,,,,,
15194,Blue Sky Kites,Vern Matteucciv,vmatteucciv@BlueSkyKites.com,578-460-5310,158 Myrtle Junction,Colorado Springs,Colorado,80910,,,,,,,,,,,,,,,,,
16503,Boehm Inc.,Quinn Haganw,qhaganw@Boehm.com,220-879-7682,9 Crowley Way,Boise,Idaho,83703,,,,,,,,,,,,,,,,,
14492,Borer LLC,Frank Inglisx,finglisx@Borer.com,847-566-4425,4404 Comanche Way,Kansas City,Missouri,64102,,,,,,,,,,,,,,,,,
16388,Bosco Group,Uma Gibbesony,ugibbesony@BoscoGroup.com,625-118-9749,34 Grover Way,Columbia,South Carolina,29204,,,,,,,,,,,,,,,,,
15174,Botsford Inc.,Pearl Cockshottz,pcockshottz@Botsford.com,905-530-1619,511 Red Cloud Trail,New York City,New York,10012,,,,,,,,,,,,,,,,,
16871,Boyer LLC,Ayo Brownsill,abrownsill@Boyer.com,936-459-6187,58 Village Green Road,El Paso,Texas,79932,,,,,,,,,,,,,,,,,
17520,Bradtke Inc.,Douglas Elkington,delkington@Bradtke.com,285-920-5110,770 Shasta Circle,Lakewood,Washington,98499,,,,,,,,,,,,,,,,,
14921,Breitenberg LLC,Larry Quarmby,lquarmby@BrownGroup.com,770-245-0481,70 Ridge Oak Park,Palmdale,California,93551,,,,,,,,,,,,,,,,,
17300,Brekke Productions,Gerry Fright,gfright@BrownGroup.com,971-155-8576,34231 Forest Junction,New Orleans,Louisiana,70116,,,,,,,,,,,,,,,,,
16387,Brown Group,Ellen Brydon,ebrydon@Buckridge.com,919-736-3620,99132 Kingsford Center,Cumming,Georgia,30040,,,,,,,,,,,,,,,,,
15936,Buckridge Inc.,Bobby Deal,bdeal@Buckridge.com,140-510-0455,415 Bashford Crossing,Orlando,Florida,32817,,,,,,,,,,,,,,,,,
15196,Carroll Inc.,Teagan Lody,tlody@Carroll.com,411-969-7172,154 Gale Avenue,New York City,New York,10013,,,,,,,,,,,,,,,,,
16887,Carter and Sons,Filipe Capron,fcapron@Carter.com,497-502-1578,9469 Marquette Plaza,Sioux City,Iowa,51109,,,,,,,,,,,,,,,,,
16908,Cartwright LLC,Carl Onele,conele@Cartwright.org,557-882-9176,977 Duke Terrace,Sioux City,Iowa,51101,,,,,,,,,,,,,,,,,
14763,Casper-Brown,Rodel Carress,rcarress@CasperBrown.com,788-972-5848,3 Logan Park,Los Angeles,California,90016,,,,,,,,,,,,,,,,,
14941,Cassin Inc.,Arnold Gradona,agradona@Cassin.com,791-959-0661,53163 Anthes Avenue,Sacramento,California,95814,,,,,,,,,,,,,,,,,
15215,CDIA Inc..,Victor Leonardib,vleonardib@CDIA.com,937-147-3571,4 Shelley Court,Colorado Springs,Colorado,80938,,,,,,,,,,,,,,,,,
15954,Champlin Inc.,Jacob Birrelc,jbirrelc@Champlin.com,459-287-3058,131 Anhalt Street,Orlando,Florida,32837,,,,,,,,,,,,,,,,,
15173,Christiansen Group,Athena Cosbyd,acosbyd@ChristiansenGroup.com,329-729-4162,84633 Monument Drive,Arvada,Colorado,80004,,,,,,,,,,,,,,,,,
17179,Clever Industries,Mandy Mariele,mmariele@CleverIndustries.com,936-846-8627,33910 Hermina Center,Salt Lake City,Utah,84114,,,,,,,,,,,,,,,,,
17806,Cole Inc.,Addison Solanf,asolanf@Cole.com,730-758-1579,47144 Westport Court,Rochester,Minnesota,55904,,,,,,,,,,,,,,,,,
16620,Collier and Sons,Romy Fisbyg,rfisbyg@Collier.com,927-560-6618,28542 Drewry Pass,Memphis,Tennessee,38116,,,,,,,,,,,,,,,,,
17140,Conn and Sons,Penn Dornanh,pdornanh@ConnAndSons.com,401-350-3459,146 Lotheville Place,Louisville,Kentucky,40211,,,,,,,,,,,,,,,,,
17160,Conn Inc.,Hiroko Rubinivitzi,hrubinivitzi@Conn.com,789-242-9741,24 Artisan Center,Louisville,Kentucky,40214,,,,,,,,,,,,,,,,,
16599,Connelly LLC,Akinyi Chaste,achaste@Connelly.com,522-538-4261,343 Monument Street,Evanston,Illinois,60203,,,,,,,,,,,,,,,,,
17359,Conroy Information Systems,Chase Geraudk,cgeraudk@Conroy.org,192-850-8146,10 Morningstar Pass,Norfolk,Virginia,23511,,,,,,,,,,,,,,,,,
17380,Considine Group,Polly Ritchmanl,pritchmanl@ConsidineGroup.org,521-619-5998,29573 Ohio Hill,Norfolk,Virginia,23505,,,,,,,,,,,,,,,,,
17200,Corkery International ,Presley Turbatm,pturbatm@Corkery.com,888-586-8040,7155 Westerfield Trail,Salt Lake City,Utah,84129,,,,,,,,,,,,,,,,,
15235,Cremin LLC,Florence Haslehurstn,fhaslehurstn@Cremin.com,495-193-4896,698 International Place,Denver,Colorado,80222,,,,,,,,,,,,,,,,,
15155,Crist Innovations,Lennie Killicho,lkillicho@CristInnovations.com,691-113-9849,328 Johnson Hill,Ventura,California,93003,,,,,,,,,,,,,,,,,
17710,Crooks Group,Ihsan McKeemanp,imckeemanp@CrooksGroup.org,866-112-7707,8094 Hallows Drive,Milwaukee,Wisconsin,53221,,,,,,,,,,,,,,,,,
14982,Cruickshank LLC,Ansel Olliffq,aolliffq@Cruickshank.com,718-289-4833,1 Burrows Circle,Albany,New York,12208,,,,,,,,,,,,,,,,,
15216,Cummings LLC,Robbie Gullimanr,rgullimanr@Cummings.com,351-819-3607,674 Southridge Place,New York City,New York,10025,,,,,,,,,,,,,,,,,
16268,D'Amore LLC,Chester Conors,cconors@D'Amore.org,972-105-5433,919 Green Ridge Point,Pittsburgh,Pennsylvania,15222,,,,,,,,,,,,,,,,,
17259,Daniel-Champlin Tech,Erin Timlettt,etimlettt@DanielChamplinTech.com,844-621-9170,10 Anhalt Alley,Lake Charles,Louisiana,70607,,,,,,,,,,,,,,,,,
15253,Dare LLC,Carey Gehringu,cgehringu@Dare.com,540-188-3505,868 Buhler Road,Denver,Colorado,80299,,,,,,,,,,,,,,,,,
14942,Daugherty Group,Roland Blackdenv,rblackdenv@DaughertyGroup.com,689-978-5882,6828 Meadow Valley Way,Albuquerque,New Mexico,87123,,,,,,,,,,,,,,,,,
15156,Deckow Inc.,Lori Hudelw,lhudelw@Deckow.org,596-693-2972,624 Cardinal Place,Jamaica,New York,11436,,,,,,,,,,,,,,,,,
17178,Denesik Games,Yesfir Gravyx,ygravyx@DenesikGames.org,147-806-0719,7 Troy Avenue,Louisville,Kentucky,40203,,,,,,,,,,,,,,,,,
14686,Dibbert Inc.,Della Shewsmithy,dshewsmithy@Dibbert.org,699-508-8693,7759 Longview Lane,Carson City,Nevada,89705,,,,,,,,,,,,,,,,,
15312,Dickens LLC,Catherine Patulloz,cpatulloz@Dickens.com,680-706-0673,346 Superior Point,Danbury,Connecticut,06811,,,,,,,,,,,,,,,,,
15274,Dietrich LLC,William Gymlett,wgymlett@DietrichEngineering.com,114-783-5554,7580 Erie Place,Denver,Colorado,80235,,,,,,,,,,,,,,,,,
14589,Donnelly Group,Louise Dufray,ldufray@DonnellyGroup.com,746-997-6424,1329 Meadow Valley Point,Billings,Montana,59010,,,,,,,,,,,,,,,,,
15292,Dooley Educators,Raakel Rookeby,rrookeby@DooleyEducators.com,565-957-7980,7839 South Avenue,Littleton,Colorado,80129,,,,,,,,,,,,,,,,,
15468,Doyle-Koelpin,Alice Ikringill,aikringill@DoyleKoelpin.com,903-648-3490,827 Scott Center,Washington,District of Columbia,20005,,,,,,,,,,,,,,,,,
16888,DuBuque Group,Westley Sails,wsails@DuBuqueGroup.com,686-502-8096,6 Helena Alley,El Paso,Texas,79903,,,,,,,,,,,,,,,,,
16696,Durgan Group,Mai Dorant,mdorant@DurganGroup.com,304-453-2213,2 Evergreen Hill,Evansville,Indiana,47720,,,,,,,,,,,,,,,,,
16424,Ebert LLC,Richard Lidgely,rlidgely@Ebert.com,668-216-3436,90 Warbler Avenue,Macon,Georgia,31210,,,,,,,,,,,,,,,,,
17538,Effertz LLC,Rosalee Ameerbeg,rameerbeg@Effertz.com,534-364-0518,4 Elka Drive,Seattle,Washington,98117,,,,,,,,,,,,,,,,,
14685,Emard LLC,Doug Tunnick,dtunnick@Emard.com,577-785-6908,5 Blackbird Way,Fresno,California,93720,,,,,,,,,,,,,,,,,
15606,Erdman LLC,Claus Molloya,cmolloya@Erdman.com,327-548-5314,568 Mcguire Pass,Winston Salem,North Carolina,27105,,,,,,,,,,,,,,,,,
16052,Ernser International,Monica Lownborogh,mlownborogh@ErnserInt.org,946-116-5260,34352 Toban Plaza,Pensacola,Florida,32505,,,,,,,,,,,,,,,,,
14454,Faded Light Inc..,Corinna Esselc,cesselc@FadedLight.org,820-514-9504,619 Mandrake Point,Jefferson City,Missouri,65109,,,,,,,,,,,,,,,,,
14822,Fahey Forever Inc..,River Tinsleyd,rtinsleyd@FaheyForever..com,387-372-4281,5 Jackson Place,Modesto,California,95357,,,,,,,,,,,,,,,,,
14647,Farrell Group,Alfred Endacotte,aendacotte@FarrellGroup.com,583-873-1841,60 Stuart Street,Lamar,Arkansas,72846,,,,,,,,,,,,,,,,,
17044,Fay LLC,Heidy Farfalameevf,hfarfalameevf@Fay.org,194-227-7297,49 Pepper Wood Drive,Wichita,Kansas,67276,,,,,,,,,,,,,,,,,
16714,Feest Inc.,Zhao Gabrielyg,zgabrielyg@Feest.com,846-261-8310,254 School Point,Evansville,Indiana,47725,,,,,,,,,,,,,,,,,
17379,Feil LLC,Betty Peeth,bpeeth@Feil.com,619-582-2117,9 Westport Lane,Baltimore,Maryland,21229,,,,,,,,,,,,,,,,,
14862,Ferry Group,Gill Cholomini,gcholomini@FerryGroup.com,593-840-1934,8856 Sloan Plaza,Camden,New Jersey,08103,,,,,,,,,,,,,,,,,
14746,Fisher Inc.,Rick Hembryj,rhembryj@Fisher.com,100-633-8825,81605 Carioca Junction,Las Vegas,Nevada,89109,,,,,,,,,,,,,,,,,
17558,Flatley-Effertz,Ying Solomonk,ysolomonk@FlatleyEffertz.com,427-194-7537,552 Grim Trail,Seattle,Washington,98106,,,,,,,,,,,,,,,,,
17319,Frami LLC,Alda Stagg,astagg@Frami.com,549-599-4671,35948 Evergreen Junction,New Orleans,Louisiana,70123,,,,,,,,,,,,,,,,,
15666,Franecki Corporation,Leatrice Goodierm,lgoodierm@Friesen.com,215-710-1988,815 Sheridan Trail,Fargo,North Dakota,58103,,,,,,,,,,,,,,,,,
15388,Friesen Inc.,Ginny Foucarn,gfoucarn@Friesen.com,584-378-5160,27 Redwing Alley,Newark,Delaware,19711,,,,,,,,,,,,,,,,,
15683,Fritsch Inc.,Paige Duseyo,pduseyo@Fritsch.com,547-428-0473,7510 Stang Way,Hialeah,Florida,33016,,,,,,,,,,,,,,,,,
15369,Funk and Sons,Fin Staggep,fstaggep@Funk.com,160-886-1308,59732 Tony Circle,Stamford,Connecticut,06905,,,,,,,,,,,,,,,,,
15236,Gerhold Group,Colt Mountjoyq,cmountjoyq@GerholdGroup.com,281-484-4139,210 Eastlawn Street,New York City,New York,10115,,,,,,,,,,,,,,,,,
15800,Gibson Group,Flynn Leanr,fleanr@GibsonGroup.com,722-893-9184,31 Laurel Park,Miami,Florida,33138,,,,,,,,,,,,,,,,,
17062,Gislason Inc.,Kay Conquers,kconquers@Gislason.org,862-852-8193,12 Washington Trail,Wichita,Kansas,67276,,,,,,,,,,,,,,,,,
17340,Gleason LLC,Alessa Pysert,apysert@Gleason.com,840-688-9522,517 Hayes Terrace,Shreveport,Louisiana,71109,,,,,,,,,,,,,,,,,
16697,Gleichner Inc.,Ryan Borelandu,rborelandu@Gleichner.com,503-695-2970,9 Spohn Terrace,Austin,Texas,78742,,,,,,,,,,,,,,,,,
17102,Glover LLC,Leo Salkeldv,lsalkeldv@Glover.com,786-181-9486,92 Moose Trail,London,Kentucky,40741,,,,,,,,,,,,,,,,,
15975,Goldner LLC,Oscar Harvisonw,oharvisonw@Goldner.com,159-792-1609,2963 Tennessee Alley,Orlando,Florida,32812,,,,,,,,,,,,,,,,,
15040,Goodwin Inc.,Savvy Hurworthx,shurworthx@Goodwin.com,607-948-2263,2312 Summerview Park,Brooklyn,New York,11210,,,,,,,,,,,,,,,,,
15744,Gorczany Inc.,Cierra Terneyy,cterneyy@Gorczany.org,578-162-5284,7990 Pond Park,Canton,Ohio,44707,,,,,,,,,,,,,,,,,
17673,Gottlieb-Jenkins,Doyle Oconnorz,doconnorz@GottliebJenkins.com,788-300-5373,12742 Meadow Valley Pass,Huntington,West Virginia,25705,,,,,,,,,,,,,,,,,
15703,Grady Inc.,Denny Delos,ddelos@Grady.com,230-811-6675,866 Hallows Avenue,Hialeah,Florida,33018,,,,,,,,,,,,,,,,,
14548,Graham LLC,Monty Cholton,mcholton@Graham.com,159-415-3689,3 Doe Crossing Circle,Scottsdale,Arizona,85260,,,,,,,,,,,,,,,,,
14568,Grant LLC,Adam Van,avan@Grant.com,633-582-1166,6 Sachtjen Parkway,Scottsdale,Arizona,85255,,,,,,,,,,,,,,,,,
17748,Green-Shields,Wei Towndrow,wtowndrow@GreenShields.com,879-646-3218,5446 Farragut Park,Minneapolis,Minnesota,55445,,,,,,,,,,,,,,,,,
15078,Grimes-Satterfield,Antonio Broader,abroader@GrimesSatterfield.com,649-123-0020,9 Mcguire Crossing,Buffalo,New York,14213,,,,,,,,,,,,,,,,,
15429,Gusikowski Group,Cody Hritzko,chritzko@GusikowskiGroup.org,997-796-9999,37 Vernon Point,Charlotte,North Carolina,28270,,,,,,,,,,,,,,,,,
14881,Gutmann LLC,Finnegan Raddenbury,fraddenbury@Gutmann.com,489-849-5393,56650 Norway Maple Avenue,Paterson,New Jersey,07522,,,,,,,,,,,,,,,,,
15896,H Plus Sport,Craig Haking,chaking@HaagGroup.com,551-765-5505,989 Trailsway Parkway,Ocala,Florida,34470,,,,,,,,,,,,,,,,,
15487,Haag Group,Jenny Bamburyy,jbamburyy@HPlusSport.com,367-920-3707,760 Ridgeview Circle,Washington,District of Columbia,20006,,,,,,,,,,,,,,,,,
16406,Hackett LLC,Johnathan Giacopelo,jgiacopelo@Hackett.com,559-280-6555,278 Victoria Alley,Gainesville,Georgia,30504,,,,,,,,,,,,,,,,,
17594,Hahn-Hand,Andrei Coutts,acoutts@HahnHand.com,161-346-8656,9528 Waubesa Crossing,Waltham,Massachusetts,02452,,,,,,,,,,,,,,,,,
15956,Halvorson LLC,Myles Feathersbya,mfeathersbya@Halvorson.com,229-175-7100,2876 Schiller Place,Norman,Oklahoma,73071,,,,,,,,,,,,,,,,,
15993,Hamill Inc.,Ari Hallorb,ahallorb@Hamill.com,221-257-8918,63697 Fallview Alley,Orlando,Florida,32812,,,,,,,,,,,,,,,,,
17652,Hammes Inc.,Ellen Cromiec,ecromiec@Hammes.com,510-374-7461,226 Hanson Alley,Grand Rapids,Michigan,49507,,,,,,,,,,,,,,,,,
17439,Hand LLC,Saul Windsord,swindsord@Hand.com,605-320-0372,2191 Vera Center,Ridgely,Maryland,21660,,,,,,,,,,,,,,,,,
16581,Hansen Inc.,Tara Glassupe,tglassupe@Hansen.com,669-443-6026,718 Mockingbird Road,Chicago,Illinois,60619,,,,,,,,,,,,,,,,,
15624,Harber LLC,Eric Kuhnertf,ekuhnertf@Harber.com,659-732-4339,5032 Veith Center,Clearwater,Florida,33755,,,,,,,,,,,,,,,,,
16053,Harris Inc.,Kasey Degouyg,kdegouyg@Harris.org,869-620-0842,982 Northwestern Crossing,Tulsa,Oklahoma,74103,,,,,,,,,,,,,,,,,
16794,Harvey Group,Duane Collcotth,dcollcotth@HarveyGroup.com,951-152-2994,6711 Weeping Birch Circle,Dallas,Texas,75219,,,,,,,,,,,,,,,,,
16638,Hayes LLC,Lonnie Gommesi,lgommesi@Hayes.com,429-105-0275,15 Maple Place,Schaumburg,Illinois,60173,,,,,,,,,,,,,,,,,
16676,Heaney Group,Earl Birdisj,ebirdisj@HeaneyGroup.com,830-436-1406,1114 Bay Plaza,Springfield,Illinois,62704,,,,,,,,,,,,,,,,,
14628,Hegmann Group,Randy Filippik,rfilippik@HegmannGroup.com,340-749-5912,7100 Eagan Lane,Little Rock,Arkansas,72207,,,,,,,,,,,,,,,,,
17824,Heller Inc.,Agnes Kasherl,akasherl@Heller.com,298-677-3639,51 Green Ridge Street,Saint Paul,Minnesota,55103,,,,,,,,,,,,,,,,,
17595,Herman LLC,Liam Pozzim,lpozzim@Herman.com,921-536-6674,81249 Norway Maple Hill,Tacoma,Washington,98422,,,,,,,,,,,,,,,,,
14724,Herzog Group,Ricardo Heskeyn,rheskeyn@HerzogGroup.org,644-200-1526,205 Grim Street,Inglewood,California,90303,,,,,,,,,,,,,,,,,
16170,Hessel LLC,Avery Olfordo,aolfordo@Hessel.org,999-479-9285,3384 Duke Parkway,Harrisburg,Pennsylvania,17113,,,,,,,,,,,,,,,,,
17653,Hettinger and Sons,Jody Rabjohnp,jrabjohnp@Hettinger.com,238-127-1225,1 Hudson Alley,Charleston,West Virginia,25309,,,,,,,,,,,,,,,,,
14471,Hickle LLC,Braxton Obington,bobingtonq@Hickle.com,322-495-9870,9 Florence Drive,Phoenix,Arizona,85013,,,,,,,,,,,,,,,,,
15548,Hilll LLC,Archie Grogerr,agrogerr@Hilll.com,112-327-5397,25678 Cottonwood Drive,Fayetteville,North Carolina,28311,,,,,,,,,,,,,,,,,
16209,Hills Group,Pernilla Buxtons,pbuxtons@HillsGroup.com,436-955-2736,13 Toban Plaza,Atlanta,Georgia,30607,,,,,,,,,,,,,,,,,
14363,Hilpert Industries,Dean Eddoest,deddoest@HilpertIndustries.com,694-505-9279,90 Tennyson Avenue,Saint Paul,Minnesota,55117,,,,,,,,,,,,,,,,,
14880,Hirthe College,Latisha Gottu,lgottu@HirtheCollege.com,850-399-0708,85073 Crescent Oaks Terrace,Oakland,California,94602,,,,,,,,,,,,,,,,,
16228,Hodkiewicz Inc.,Adela Bynertv,abynertv@Hodkiewicz.com,289-238-8548,32 Lakewood Parkway,Atlanta,Georgia,30319,,,,,,,,,,,,,,,,,
15255,Homenick Group,Shelby Yarwoodw,syarwoodw@HomenickGroup.com,186-684-6413,7 Clarendon Way,New York City,New York,10270,,,,,,,,,,,,,,,,,
14962,Howe LLC,Nona Bridgenx,nbridgenx@Howe.com,991-512-4822,647 Fulton Place,Santa Fe,New Mexico,87506,,,,,,,,,,,,,,,,,
15684,Hudson LLC,Mies Grigolettiz,mgrigolettiz@Hudson.com,431-310-6069,74 Beilfuss Center,Akron,Ohio,44310,,,,,,,,,,,,,,,,,
17103,Huels Inc.,Stefan Mcilhone,smcilhone@Huels.org,181-729-0161,75 Forster Circle,San Antonio,Texas,78204,,,,,,,,,,,,,,,,,
14490,Jacobi LLC,Angel Drysdell,adrysdell@Jacobi.com,694-745-4335,702 Longview Parkway,Phoenix,Arizona,85018,,,,,,,,,,,,,,,,,
16189,Jacobson Group,George Dabbs,gdabbs@JacobsonGroup.com,730-689-8884,158 Bashford Way,Athens,Georgia,30605,,,,,,,,,,,,,,,,,
16247,Jakubowski Inc.,Linda Muldoon,lmuldoon@Jakubowski.com,756-747-6264,35 Prairie Rose Pass,Atlanta,Georgia,30329,,,,,,,,,,,,,,,,,
14960,Jaskolski Company,JR Delion,jdelion@JaskolskiCompany.com,311-949-0578,42687 Tennessee Center,Sacramento,California,95828,,,,,,,,,,,,,,,,,
14666,Jast LLC,Bethany Gregore,bgregore@Jast.org,677-439-2816,64631 Summit Alley,Bakersfield,California,93306,,,,,,,,,,,,,,,,,
15448,Jenkins LLC,Stephen Brunsden,sbrunsden@Jenkins.com,559-671-5633,212 Florence Trail,Charlotte,North Carolina,28273,,,,,,,,,,,,,,,,,
14923,Johnson LLC,Kamal Abate,kabate@Johnson.com,955-653-0041,4 La Follette Drive,Trenton,New Jersey,08619,,,,,,,,,,,,,,,,,
14510,Jones LLC,Mary Bunting,mbunting@Jones.com,757-170-6611,826 Northwestern Way,Phoenix,Arizona,85003,,,,,,,,,,,,,,,,,
16677,Kassulke-Schneider,Eiji Crotty,ecrotty@KassulkeSchneider.com,147-886-9640,602 Carioca Junction,Nashville,Tennessee,37216,,,,,,,,,,,,,,,,,
17500,Keebler Group,Brian Lorrainea,blorrainea@KeeblerGroup.org,842-723-0383,83026 Corben Lane,Boston,Massachusetts,02203,,,,,,,,,,,,,,,,,
16267,Keeling Inc.,Aggie Kirckmanb,akirckmanb@Keeling.com,459-961-3919,73631 Pepper Wood Plaza,Atlanta,Georgia,30340,,,,,,,,,,,,,,,,,
15469,Kemmer and Sons,Ezekiel  Geraudc,egeraudc@Kemmer.com,875-312-6787,5460 Barnett Junction,Charlotte,North Carolina,28214,,,,,,,,,,,,,,,,,
17220,Kerluke Inc.,Owen Lowndsbroughd,olowndsbroughd@Kerluke.com,718-813-4290,723 Fallview Point,Salt Lake City,Utah,84107,,,,,,,,,,,,,,,,,
15704,Kessler Inc.,Pedro Opfere,popfere@Kessler.com,674-818-4258,84227 Crownhardt Point,Akron,Ohio,44302,,,,,,,,,,,,,,,,,
15507,Kiehn LLC,Stephanie Stanneringf,sstanneringf@Kiehn.com,925-315-9440,1 Chive Trail,Washington,District of Columbia,20017,,,,,,,,,,,,,,,,,
16526,King Inc.,Lavern Maysorg,lmaysorg@King.com,588-292-1242,74589 North Crossing,Knoxville,Tennessee,37922,,,,,,,,,,,,,,,,,
17501,Kirlin Inc.,Josie Spurnierh,jspurnierh@Kirlin.com,598-695-2940,81879 Tennyson Road,Everett,Washington,98204,,,,,,,,,,,,,,,,,
15841,Koch LLC,Miren Knowlmani,mknowlmani@Koch.com,701-285-2339,508 Vermont Pass,Columbus,Ohio,43212,,,,,,,,,,,,,,,,,
16814,Koelpin and Sons,Keanna Messagej,kmessagej@Koelpin.org,936-825-0969,441 Forest Dale Drive,Dallas,Texas,75240,,,,,,,,,,,,,,,,,
16249,Koepp Inc.,Jody Kupeck,jkupeck@Koepp.org,544-202-8561,870 Rigney Lane,Philadelphia,Pennsylvania,19106,,,,,,,,,,,,,,,,,
16286,Kohler Inc.,Mable Marishenkol,mmarishenkol@Kohler.com,169-668-2233,82 Debs Road,Atlanta,Georgia,30308,,,,,,,,,,,,,,,,,
16309,Kohler LLC,Shane Ruzekm,sruzekm@KohlerLLC.com,477-564-8254,3445 Glendale Hill,Atlanta,Georgia,30317,,,,,,,,,,,,,,,,,
14764,Koss Industries,Val Lawsonn,vlawsonn@KossIndustries.com,320-524-1823,6182 Lakewood Gardens Pass,Las Vegas,Nevada,89179,,,,,,,,,,,,,,,,,
15098,Kreiger LLC,Cora Chamberlino,cchamberlino@Kreiger.com,116-186-8678,923 Esker Junction,Buffalo,New York,14208,,,,,,,,,,,,,,,,,
15526,Kshlerin LLC,Janet Brydenp,jbrydenp@Kshlerin.com,633-577-3022,3343 Cardinal Place,Washington,District of Columbia,20032,,,,,,,,,,,,,,,,,
16909,Kub LLC,Sinh Baggsq,sbaggsq@Kub.com,217-399-3195,4 Monument Avenue,El Paso,Texas,79910,,,,,,,,,,,,,,,,,
15351,Kuhic Inc.,Lordes Haver,lhaver@Kuhic.com,568-960-7804,115 Oriole Place,Norwalk,Connecticut,06853,,,,,,,,,,,,,,,,,
16543,Kuhlman Inc.,Myra Killcrosss,mkillcrosss@Kuhlman.com,831-564-3801,5670 Nobel Circle,Knoxville,Tennessee,37902,,,,,,,,,,,,,,,,,
16928,Kuhn Group,Leena Raimentt,lraimentt@KuhnGroup.com,580-502-4586,1304 Forster Street,El Paso,Texas,79908,,,,,,,,,,,,,,,,,
16966,Kunze Group,Dustin Raggattu,draggattu@KunzeGroup.com,682-628-3420,28392 Chive Crossing,Fort Worth,Texas,76155,,,,,,,,,,,,,,,,,
17402,Kutch Inc.,Mina Rubenovicv,mrubenovicv@Kutch.com,864-629-5263,28 Blaine Pass,Richmond,Virginia,23221,,,,,,,,,,,,,,,,,
15860,Kuvalis Group,Aubrey Keyw,akeyw@KuvalisGroup.com,401-895-2143,80899 Saint Paul Place,Columbus,Ohio,43203,,,,,,,,,,,,,,,,,
17081,Labadie Inc.,Susan Ferronex,sferronex@Labadie.com,558-442-1548,26 Havey Pass,Wichita,Kansas,67276,,,,,,,,,,,,,,,,,
16287,Lakin LLC,Fatima Stratfordy,fstratfordy@Lakin.org,152-923-5319,747 Green Pass,Pittsburgh,Pennsylvania,15215,,,,,,,,,,,,,,,,,
16619,Landon Hotel,Leslie Richardson,leslie@landonhotel.com,796-346-3755,9000 Village Green Court,Peoria,Illinois,61607,,,,,,,,,,,,,,,,,
15116,Landon Hotel,Gabriel Dalez,gdalez@LandonHotel.com,414-686-7114,15 Veith Park,Sunnyvale,California,94085,,,,,,,,,,,,,,,,,
17691,Langosh Inc.,Cohen Wollard,cwollard@Langosh.org,344-542-3124,37267 Sycamore Parkway,Loretto,Minnesota,49852,,,,,,,,,,,,,,,,,
16562,Langworth and Sons,Gareth Pavlitschek,gpavlitschek@Langworth.com,772-648-1223,1 Kensington Way,Aurora,Illinois,60503,,,,,,,,,,,,,,,,,
16987,Larkin Group,Billy Phippin,bphippin@LarkinGroup.com,806-721-0867,57666 Jana Circle,Fort Worth,Texas,76123,,,,,,,,,,,,,,,,,
16328,Larson Inc.,Aileen Culpin,aculpin@Larson.com,855-694-4776,60 Ronald Regan Alley,Atlanta,Georgia,30331,,,,,,,,,,,,,,,,,
15001,Leannon Group,Griffin Cookson,gcookson@LeannonGroup.com,855-235-6667,90 Old Gate Point,San Diego,California,92103,,,,,,,,,,,,,,,,,
16014,Ledner Inc.,Kenneth Kinzett,kkinzett@Ledner.com,829-425-5566,78241 Crownhardt Parkway,Orlando,Florida,32834,,,,,,,,,,,,,,,,,
15819,Ledner LLC,Alexis Suthren,asuthren@LednerLLC.com,651-366-2226,774 Monterey Junction,Miami,Florida,33142,,,,,,,,,,,,,,,,,
15839,Leffler Inc.,Kevin Macneely,kmacneely@Leffler.com,461-446-0368,457 Alpine Place,Miami,Florida,33131,,,,,,,,,,,,,,,,,
16367,Legros Inc.,Rhetta Fassman,rfassman@Legros.com,727-735-1548,43821 Schlimgen Place,Charleston,South Carolina,29406,,,,,,,,,,,,,,,,,
16563,Lehner Inc.,Mary Pittman,mpittman@Lehner.com,210-668-8594,8657 Randy Circle,Knoxville,Tennessee,37923,,,,,,,,,,,,,,,,,
17577,Lemke LLC,Huan Ovendalea,hovendalea@Lemke.com,759-700-5053,33 Springs Way,Newton,Massachusetts,02458,,,,,,,,,,,,,,,,,
16754,Leuschke Inc.,Fred Pennaccib,fpennaccib@Leuschke.com,607-473-2914,297 Armistice Center,Fort Wayne,Indiana,46815,,,,,,,,,,,,,,,,,
15545,Lind Group,Chris Bernc,cbernc@Lindgren.com,974-509-9805,67 Old Gate Terrace,Washington,District of Columbia,20045,,,,,,,,,,,,,,,,,
16524,Lindgren LLC,Larrissa Rosewarned,lrosewarned@LindGroup.com,780-199-0234,82521 Dexter Place,Boise,Idaho,83716,,,,,,,,,,,,,,,,,
15057,Little and Sons,Korey Mcgorleye,kmcgorleye@Little.com,410-667-3948,3 Hanover Drive,San Luis Obispo,California,93405,,,,,,,,,,,,,,,,,
14823,LMD Resources,Jawi Elleynef,jelleynef@LMDResources.com,622-976-0522,58486 Evergreen Trail,Portsmouth,New Hampshire,03801,,,,,,,,,,,,,,,,,
16985,Lockman Group,Malcolm Macgrayg,mmacgrayg@LockmanGroup.com,812-855-8532,3 Emmet Junction,Shawnee ,Kansas,66217,,,,,,,,,,,,,,,,,
14782,Lowe Inc.,Rebecca Krammerh,rkrammerh@Lowe.com,365-437-5622,85645 Orin Way,Los Angeles,California,90077,,,,,,,,,,,,,,,,,
14396,Lubowitz LLC,Paul Mucklestonei,pmucklestonei@Lubowitz.com,330-727-7042,4 Pleasure Drive,Mobile,Alabama,36693,,,,,,,,,,,,,,,,,
17005,Luettgen Security,Andy Turneuxj,aturneuxj@LuettgenSecurity.com,829-978-2761,20 Welch Hill,Fort Worth,Texas,76106,,,,,,,,,,,,,,,,,
15859,Lynch Security,Steve Lunnk,slunnk@LynchSecurity.com,448-430-9325,23 Logan Place,Miami,Florida,33156,,,,,,,,,,,,,,,,,
15898,MacGyver Group,Ava Delacrouxl,adelacrouxl@MacGyverGroup.com,753-171-0292,790 Waubesa Center,Mansfield,Ohio,44905,,,,,,,,,,,,,,,,,
16191,Maggio LLC,Cassidy Gridleym,cgridleym@Maggio.com,769-601-7562,10 Carey Crossing,McKeesport,Pennsylvania,15132,,,,,,,,,,,,,,,,,
17063,Mann LLC,Atarah Flecknoen,aflecknoen@Mann.com,369-197-7823,64493 Eliot Plaza,Houston,Texas,77021,,,,,,,,,,,,,,,,,
16149,Mante Group,Brian Mcanultyo,bmcanultyo@ManteGroup.com,969-860-6898,155 Waubesa Place,West Palm Beach,Florida,33401,,,,,,,,,,,,,,,,,
16773,Marks Inc.,Leanne Bohlsenp,lbohlsenp@Marks.com,468-879-4081,22714 Kenwood Center,Beaumont,Texas,77706,,,,,,,,,,,,,,,,,
17004,Marvin Inc.,Cassie Hinnersq,chinnersq@Marvin.com,201-758-1245,7 Eagle Crest Way,Shawnee Mission,Kansas,66250,,,,,,,,,,,,,,,,,
17161,McClure Inc.,Stuart Franksr,sfranksr@McClure.com,516-403-6670,3 Transport Lane,Ogden,Utah,84405,,,,,,,,,,,,,,,,,
15567,McCullough LLC,Kanye Cullums,kcullums@McCullough.com,850-566-0345,7 Mccormick Place,Raleigh,North Carolina,27616,,,,,,,,,,,,,,,,,
15021,McGlynn Group,Deo Layfieldt,dlayfieldt@McGlynnGroup.com,786-538-9949,79414 South Center,Bronx,New York,10464,,,,,,,,,,,,,,,,,
14608,McKenzie Inc..,Brock Fowldsu,bfowldsu@McKenzie..com,393-131-8375,76 Aberg Hill,Billings,Montana,59106,,,,,,,,,,,,,,,,,
17260,Medhurst Inc.,Elroy Lanchburyv,elanchburyv@Medhurst.com,264-782-2643,60 Longview Pass,Alexandria,Virginia,22306,,,,,,,,,,,,,,,,,
15331,Mertz LLC,Richard Sandayw,rsandayw@Mertz.com,360-709-0249,71946 Golden Leaf Crossing,Hartford,Connecticut,06120,,,,,,,,,,,,,,,,,
15447,Metz Group,Dave Heysx,dheysx@MetzGroup.com,333-649-9838,6 Chive Crossing,Wilmington,Delaware,19806,,,,,,,,,,,,,,,,,
16073,Mills Inc.,Tyrell Aubrayy,taubrayy@Mills.com,690-352-1981,51 Northwestern Park,Tulsa,Oklahoma,74131,,,,,,,,,,,,,,,,,
17280,Mohr Group,Mallory Purvisz,mpurvisz@MohrGroup.com,440-560-5291,89 Morning Street,Lake Charles,Louisiana,70611,,,,,,,,,,,,,,,,,
16733,Moore LLC,Hester Vickerman,hvickerman@Moore.org,639-325-2845,1 Stuart Trail,Evansville,Indiana,47708,,,,,,,,,,,,,,,,,
16445,Mountain Run LLC,Levi Stoffersen,lstoffersen@MountainRun.com,927-743-2859,22 North Parkway,Macon,Georgia,31201,,,,,,,,,,,,,,,,,
16465,Mraz Group,Wendell Lachaize,wlachaize@MrazGroup.org,374-279-0645,9581 Meadow Valley Terrace,Spartanburg,South Carolina,29303,,,,,,,,,,,,,,,,,
17301,Mraz Ullrich Inc..,Tito Middlemiss,tmiddlemiss@MrazUllrich.com,222-199-6855,91 1st Terrace,Falls Church,Virginia,22043,,,,,,,,,,,,,,,,,
14588,Murazik Inc.,Francisco Owtram,fowtram@Murazik.com,559-549-7211,457 Reinke Hill,Tucson,Arizona,85749,,,,,,,,,,,,,,,,,
14550,Murphy LLC,Cynthia Barnicott,cbarnicott@Murphy.com,355-380-5760,871 Ryan Plaza,Saint Louis,Missouri,63123,,,,,,,,,,,,,,,,,
15917,Nader LLC,Phil Wherry,pwherry@Nader.com,150-649-2083,20080 Nancy Hill,Youngstown,Ohio,44511,,,,,,,,,,,,,,,,,
16034,Nicolas Inc.,Erin Boyen,eboyen@Nicolas.com,793-246-1268,77718 South Lane,Orlando,Florida,32833,,,,,,,,,,,,,,,,,
17341,Nikolaus LLC,Dottie Fullagar,dfullagar@Nikolaus.com,790-514-0184,61139 Meadow Valley Avenue,Hampton,Virginia,23661,,,,,,,,,,,,,,,,,
16715,Nitzsche Group,Felix Prine,fprine@NitzscheGroup.com,668-883-2321,5488 Dexter Place,Austin,Texas,78744,,,,,,,,,,,,,,,,,
17614,Nolan Inc.,Manuel Simmons,msimmons@Nolan.com,697-965-7341,48890 Loeprich Court,Waltham,Massachusetts,02081,,,,,,,,,,,,,,,,,
16110,O'Kon Inc.,Catia Grimsditchb,cgrimsditchb@OKon.com,551-933-8613,1 4th Junction,Tampa,Florida,33621,,,,,,,,,,,,,,,,,
14362,Oberbrunner Inc.,Robert Thomason,rthomason@Oberbrunner.com,671-558-1510,54463 Moulton Circle,Birmingham,Alabama,35207,,,,,,,,,,,,,,,,,
16734,Ortiz Inc.,Mitzi Pendletond,mpendletond@Ortiz.com,364-885-9114,757 5th Junction,Austin,Texas,78745,,,,,,,,,,,,,,,,,
15097,Pacocha Inc.,Mera Camme,mcamme@Pacocha.com,397-475-2810,7 Main Lane,Santa Rosa,California,95403,,,,,,,,,,,,,,,,,
17462,Pagac LLC,Filipe Flintoftf,fflintoftf@Pagac.org,901-493-7139,2 Northwestern Park,Roanoke,Virginia,24013,,,,,,,,,,,,,,,,,
16090,Parisian LLC,Tadashi Feriag,tferiag@Parisian.com,151-532-3338,361 Stang Court,Tallahassee,Florida,32317,,,,,,,,,,,,,,,,,
14606,Parker Group,Mindy Stogillh,mstogillh@ParkerGroup.com,639-111-2814,93208 Fuller Crossing,Tucson,Arizona,85712,,,,,,,,,,,,,,,,,
16016,Paucek LLC,Farley Fulbrooki,ffulbrooki@Paucek.com,403-520-8483,40 Scott Court,Oklahoma City,Oklahoma,73173,,,,,,,,,,,,,,,,,
15976,Pfeffer LLC,Don Kimminsj,dkimminsj@Pfeffer.com,319-795-5429,552 Novick Terrace,Norman,Oklahoma,73026,,,,,,,,,,,,,,,,,
16793,Pixelford Photography,Nancy Ortesk,nortesk@PixelfordPhotography.com,436-115-3716,9258 Burning Wood Alley,Indianapolis,Indiana,46239,,,,,,,,,,,,,,,,,
15643,Pollich Inc.,Melissa Tilsleyl,mtilsleyl@Pollich.com,149-686-4308,8375 Menomonie Circle,Clearwater,Florida,33762,,,,,,,,,,,,,,,,,
17672,Pouros Inc.,Bryony Goldspinkm,bgoldspinkm@Pouros.com,891-331-6523,6082 Crownhardt Road,Kalamazoo,Michigan,49006,,,,,,,,,,,,,,,,,
16870,Predovic LLC,Sandra Grettonn,sgrettonn@Predovic.org,519-669-9661,82580 Namekagon Court,Iowa City,Iowa,52242,,,,,,,,,,,,,,,,,
16947,Price Inc.,Azim Wingateo,awingateo@Price.org,218-308-9601,2059 Rusk Parkway,El Paso,Texas,79925,,,,,,,,,,,,,,,,,
14569,Prosacco Securities,Patrick Newlovep,pnewlovep@ProsaccoSecurities.com,306-781-1526,9727 Schmedeman Park,Springfield,Missouri,65809,,,,,,,,,,,,,,,,,
16640,Quigley Inc.,Edward Fulkq,efulkq@Quigley.com,760-832-0038,9183 Southridge Place,Memphis,Tennessee,38107,,,,,,,,,,,,,,,,,
14511,Quitzon Inc.,Carrie Paffr,cpaffr@Quitzon.com,901-126-0455,6 Lerdahl Pass,Kansas City,Missouri,64119,,,,,,,,,,,,,,,,,
14380,Rath LLC,Albin Hubeauxs,ahubeauxs@Rath.com,552-572-7573,55705 Calypso Lane,Young America,Minnesota,55397,,,,,,,,,,,,,,,,,
15489,Ratke and Sons,Leon Djordjevict,ldjordjevict@Ratke.com,828-820-5000,29595 Rutledge Park,Charlotte,North Carolina,28282,,,,,,,,,,,,,,,,,
15761,Ratke LLC,Daria Killichu,dkillichu@RatkeAndSons.com,234-151-9824,316 Rusk Trail,Melbourne,Florida,32901,,,,,,,,,,,,,,,,,
17199,Rau-Dickinson,Julia Gerrietzv,jgerrietzv@RauDickinson.com,579-356-6879,15 Pine View Parkway,Louisville,Kentucky,40218,,,,,,,,,,,,,,,,,
14899,Raynor Group,Tony Ofallonw,tofallonw@Raynor.com,541-307-4876,40682 Rigney Pass,Oakland,California,94607,,,,,,,,,,,,,,,,,
14531,Raynor LLC,Faye Mussettx,fmussettx@RaynorGroup.com,803-171-7584,7 Forest Run Circle,Kansas City,Missouri,64149,,,,,,,,,,,,,,,,,
16091,Reichel and Sons,Brooke Evasony,bevasony@Reichel.com,832-722-3190,5 Corben Road,Tulsa,Oklahoma,74119,,,,,,,,,,,,,,,,,
17635,Reilly LLC,Beth Allewellz,ballewellz@Reilly.com,271-938-3939,8 Westport Avenue,Vancouver,Washington,98683,,,,,,,,,,,,,,,,,
15663,Reinger Technologies,Ralph Lackie,rlackie@ReingerTechnologies.com,309-252-6731,85669 Nelson Hill,Daytona Beach,Florida,32118,,,,,,,,,,,,,,,,,
16483,Rempel Inc.,Dorsey Bimson,dbimson@Rempel.com,473-701-2897,58 Blue Bill Park Way,Sioux Falls,South Dakota,57105,,,,,,,,,,,,,,,,,
15644,Renner Group,Gabe Seckom,gseckom@Renner.com,789-917-7546,6 Talisman Pass,Bismarck,North Dakota,58505,,,,,,,,,,,,,,,,,
16946,Renner LLC,Ward Ascough,wascough@RennerGroup.com,431-514-7888,89 Summit Lane,Kansas City,Kansas,66103,,,,,,,,,,,,,,,,,
15390,Rice Inc.,Lydia Antonovic,lantonovic@Rice.com,585-194-2466,805 Schiller Pass,Yonkers,New York,10704,,,,,,,,,,,,,,,,,
16851,Rippin Industries,Berry Lionel,blionel@RippinIndustries.com,674-929-5631,7562 Vernon Plaza,Des Moines,Iowa,50310,,,,,,,,,,,,,,,,,
15566,Ritchie LLC,Donald Westfrimley,dwestfrimley@Ritchie.com,548-583-5821,3 Ryan Point,Washington,District of Columbia,20260,,,,,,,,,,,,,,,,,
16657,Robel Inc.,Nate Scurr,nscurr@Robel.com,535-443-1114,1826 Namekagon Terrace,Memphis,Tennessee,38108,,,,,,,,,,,,,,,,,
16035,Robotics LLC,Ashley Crossfeld,acrossfeld@Robotics.com,753-465-9675,80 Swallow Pass,Oklahoma City,Oklahoma,73116,,,,,,,,,,,,,,,,,
15019,Rogahn Group,Penelope Regis,pregis@RogahnGroup.com,853-506-2648,65 Rusk Pass,San Diego,California,92103,,,,,,,,,,,,,,,,,
15762,Romaguera LLC,Rachel Sinclairea,rsinclairea@Romaguera.org,937-771-7237,9545 La Follette Plaza,Cincinnati,Ohio,45209,,,,,,,,,,,,,,,,,
14432,Rosenbaum LLC,Joseph Titcombeb,jtitcombeb@Rosenbaum.com,942-823-9603,72233 Manufacturers Place,Anchorage,Alaska,99504,,,,,,,,,,,,,,,,,
15039,Rowe Informations Systems Inc..,Mark Clearc,mclearc@Rowe.com,276-247-1971,366 Dayton Plaza,San Diego,California,92139,,,,,,,,,,,,,,,,,
17578,Rowe LLC,Sommer Amyd,samyd@RoweInformationsSystems..com,823-147-0145,9 8th Lane,Seattle,Washington,98125,,,,,,,,,,,,,,,,,
16813,Ruecker LLC,Dani Bartosiake,dbartosiake@RunolfsdottirGroup.com,134-229-5515,9996 Lukken Lane,Indianapolis,Indiana,46208,,,,,,,,,,,,,,,,,
15585,Runolfsdottir Group,Benjamin Bathaf,bbathaf@RunolfsdottirGroup.com,445-876-7396,5980 Clove Lane,Washington,District of Columbia,20002,,,,,,,,,,,,,,,,,
14629,Runte Inc.,Marion Ryder,mryder@Runte.org,994-941-3095,29 Toban Hill,Bozeman,Montana,59718,,,,,,,,,,,,,,,,,
14802,Russel Group,Fran Redfieldh,fredfieldh@RusselGroup.com,614-832-2747,5 Marquette Park,Los Angeles,California,90062,,,,,,,,,,,,,,,,,
16407,Rutherford Group,Tia Mccreedyi,tmccreedyi@RutherfordGroup.com,397-414-9563,798 Drewry Junction,Columbia,South Carolina,29205,,,,,,,,,,,,,,,,,
16965,San Angelico Museum,Daphne Brolechanj,dbrolechanj@SanAngelicoMuseum.com,723-663-7230,39009 Pierstorff Hill,Kansas City,Kansas,66115,,,,,,,,,,,,,,,,,
17121,Sanford Group,Bobby Derlk,bderlk@SanfordGroup.com,401-285-5771,45552 Swallow Point,San Antonio,Texas,78228,,,,,,,,,,,,,,,,,
14901,Sanford Security,Veronica Vidineevl,vvidineevl@SanfordSecurity.com,295-989-3648,709 Carberry Center,Paterson,New Jersey,07524,,,,,,,,,,,,,,,,,
14981,Satterfield LLC,Halley Tanderm,htanderm@Satterfield.com,767-598-1779,4 Eagan Street,Sacramento,California,95837,,,,,,,,,,,,,,,,,
14726,Sauer AI Tech,Mindy Postansn,mpostansn@Sauer.com,580-576-0334,5 Namekagon Court,Henderson,Nevada,89014,,,,,,,,,,,,,,,,,
16210,Sauer LLC,Katya Insullo,kinsullo@SauerAITech.com,178-758-6026,7 Luster Park,New Castle,Pennsylvania,16105,,,,,,,,,,,,,,,,,
16310,Sawayn Inc.,Avellino Perfordp,aperfordp@Sawayn.com,654-857-4000,95 Declaration Parkway,Pittsburgh,Pennsylvania,15205,,,,,,,,,,,,,,,,,
17557,Schaefer Inc.,Theodore Upsaleq,tupsaleq@Schaefer.com,718-125-8448,143 Debs Center,Lynn,Massachusetts,01902,,,,,,,,,,,,,,,,,
17320,Schamberger Inc.,Charles Beaudryr,cbeaudryr@Schamberger.com,236-322-8290,178 Oriole Point,Fredericksburg,Virginia,22405,,,,,,,,,,,,,,,,,
16229,Schiller LLC,Theresa Hamers,thamers@Schiller.com,648-133-1803,5 Buell Center,New Castle,Pennsylvania,16108,,,,,,,,,,,,,,,,,
15877,Schinner Inc.,Walter Vedikhovt,wvedikhovt@Schinner.com,676-239-5173,88 Comanche Junction,Naples,Florida,34103,,,,,,,,,,,,,,,,,
14648,Schmidt Group,Lucille Francau,lfrancau@SchmidtGroup.com,844-343-1293,39017 Bunker Hill Lane,Lincoln,Nebraska,68521,,,,,,,,,,,,,,,,,
16349,Schoen Technologies,Edgar Kuhnkev,ekuhnkev@SchoenTechnologies.com,794-627-5450,204 Monica Court,Atlanta,Georgia,30329,,,,,,,,,,,,,,,,,
16831,Schroeder Library,Cece Poulglaisw,cpoulglaisw@SchroederLibrary.com,531-850-4918,66 Village Avenue,Dallas,Texas,75232,,,,,,,,,,,,,,,,,
14379,Schuppe Inc.,Grace Beadmanx,gbeadmanx@Schuppe.com,121-694-7850,81 Fremont Center,Birmingham,Alabama,35218,,,,,,,,,,,,,,,,,
16755,Simonis Inc.,Joon Walteringy,jwalteringy@Simonis.com,922-148-7637,45259 Burning Wood Place,Austin,Texas,78705,,,,,,,,,,,,,,,,,
15275,Skiles Inc.,Febe Branwhitez,fbranwhitez@Skiles.org,641-619-5064,348 Talisman Park,New York City,New York,10012,,,,,,,,,,,,,,,,,
15117,Smith Technologies,Floyd Snyder,fsnyder@SmithTechnologies.com,106-355-8981,4 Annamark Plaza,Buffalo,New York,14280,,,,,,,,,,,,,,,,,
15409,Spencer Educators,Fabio Wykey,fwykey@Spencer.com,847-952-2952,7 Prentice Trail,Newark,Delaware,19713,,,,,,,,,,,,,,,,,
15604,SpencerInc.,Inez Pahler,ipahler@SpencerEducators.com,127-584-4508,3882 Hanson Park,Washington,District of Columbia,20003,,,,,,,,,,,,,,,,,
14706,Spinka LLC,Marsha Stiffell,mstiffell@Spinka.com,606-643-9936,18 Boyd Place,Carson City,Nevada,89706,,,,,,,,,,,,,,,,,
15508,Sporer Inc.,Frida Kasper,fkasper@Sporer.com,354-300-0692,2 Judy Trail,Charlotte,North Carolina,28280,,,,,,,,,,,,,,,,,
17480,Sporer LLC,Lesedi Sawers,lsawers@SporerInc.com,824-512-7806,722 Quincy Junction,Virginia Beach,Virginia,23459,,,,,,,,,,,,,,,,,
17025,Stamm Group,Birte Jillins,bjillins@StammGroup.com,393-205-2715,12150 Eagan Junction,Fort Worth,Texas,76104,,,,,,,,,,,,,,,,,
15527,Stanton LLC,Terri Longcake,tlongcake@Stanton.com,833-872-3667,59375 Roxbury Crossing,Charlotte,North Carolina,28285,,,,,,,,,,,,,,,,,
15587,Stehr Group,Asiah Pettett,apettett@StehrGroup.com,892-672-4624,2498 Memorial Hill,Raleigh,North Carolina,27610,,,,,,,,,,,,,,,,,
17479,Stiedemann Securities ,Charity Sicha,csicha@StiedemannSecurities.com,240-319-2404,515 Little Fleur Junction,Silver Spring,Maryland,20904,,,,,,,,,,,,,,,,,
14844,Stokes Electronics,Motoya Riccioa,mriccioa@StokesElectronics.com,407-274-7567,1862 Homewood Point,Portsmouth,New Hampshire,03801,,,,,,,,,,,,,,,,,
15293,Stoltenberg LLC,Dwayne Demetzb,ddemetzb@Stoltenberg.com,143-920-8582,7627 Laurel Hill,New York City,New York,10013,,,,,,,,,,,,,,,,,
14668,Stracke International,Vina Bisterfeldc,vbisterfeldc@StrackeInternational.com,983-487-1281,3 Forster Alley,Omaha,Nebraska,68127,,,,,,,,,,,,,,,,,
17615,Streich LLC,Bishop Coutthartd,bcoutthartd@Streich.com,725-317-6032,9 Fulton Place,Tacoma,Washington,98405,,,,,,,,,,,,,,,,,
16329,Stroman Inc.,Simone Colline,scolline@Stroman.com,177-642-5210,2 Maple Wood Terrace,Pittsburgh,Pennsylvania,15211,,,,,,,,,,,,,,,,,
15780,Strosin Innovations,Eve Beasleighf,ebeasleighf@StrosinInnovations.com,250-658-6014,927 Mockingbird Alley,Melbourne,Florida,32904,,,,,,,,,,,,,,,,,
17282,Swaniawski Group,Emery Doylendg,edoylendg@SwaniawskiGroup.com,508-300-2275,7 Kings Place,Ashburn,Virginia,20148,,,,,,,,,,,,,,,,,
15314,Swift Inc.,Lizzie Patkinh,lpatkinh@Swift.com,620-945-2433,1 Old Shore Terrace,New York City,New York,10034,,,,,,,,,,,,,,,,,
15937,The Davis Company,Gordon Ellistoni,gellistoni@TheDavisCompany.com,837-191-3441,4078 Crownhardt Road,Youngstown,Ohio,44504,,,,,,,,,,,,,,,,,
17400,The Lesch Company,Yemima Dibbinj,ydibbinj@TheLeschCompany.com,853-665-1941,358 Buell Court,Baltimore,Maryland,21215,,,,,,,,,,,,,,,,,
16071,The Mayer Company,Gaetano Milellak,gmilellak@TheMayerCompany.org,847-243-6721,9074 Kings Center,Punta Gorda,Florida,33980,,,,,,,,,,,,,,,,,
16366,The Orn Company,Aidan Gratrexl,agratrexl@TheOrnCompany.com,697-291-8148,208 Ludington Parkway,Atlanta,Georgia,30307,,,,,,,,,,,,,,,,,
16582,The TMC Company,Chris Durradm,cdurradm@TheTMCCompany.com,170-392-5350,2692 Claremont Trail,Knoxville,Tennessee,37923,,,,,,,,,,,,,,,,,
17766,The Wisoky Team,David Golightlyn,dgolightlyn@TheWisokyTeam.com,376-989-5376,357 Bartillon Center,Minneapolis,Minnesota,55439,,,,,,,,,,,,,,,,,
17785,Thiel Group,Lisha Ruddo,lruddo@ThielGroup.com,146-265-4900,8 American Ash Alley,Minneapolis,Minnesota,55454,,,,,,,,,,,,,,,,,
17519,Thompson Inc.,Dorothy Nisetp,dnisetp@Thompson.com,185-746-1881,948 Green Lane,Boston,Massachusetts,02115,,,,,,,,,,,,,,,,,
17358,Tillman International,Peyton Ewbanksq,pewbanksq@TillmanInternational.com,337-188-2740,366 Fulton Center,Shreveport,Louisiana,71104,,,,,,,,,,,,,,,,,
15743,Torp Inc.,Doris Robertr,drobertr@Torp.com,453-743-1120,4 Ludington Junction,Lakeland,Florida,33810,,,,,,,,,,,,,,,,,
14530,Torphy Invisionaries,Oscar Braleys,obraleys@TorphyInvisionaries.com,786-954-6616,573 Glacier Hill Park,Phoenix,Arizona,85023,,,,,,,,,,,,,,,,,
15723,Towne Coop,Angela Stanistreett,astanistreett@TowneCoop.org,190-178-7410,3 Cambridge Plaza,Jacksonville,Florida,32217,,,,,,,,,,,,,,,,,
14842,Toy LLC,Nigel Fooksu,nfooksu@Toy.org,940-548-6755,19572 Veith Place,Mountain View,California,94041,,,,,,,,,,,,,,,,,
14416,Trantow Technologies,Alex Kemsleyv,akemsleyv@TrantowTechnologies.com,877-367-7547,111 Oneill Avenue,Gulfport,Mississippi,39501,,,,,,,,,,,,,,,,,
15134,Treats Inc.,Marty Jeanesw,mjeanesw@Treats.com,654-195-8785,51800 Graceland Alley,Torrance,California,90502,,,,,,,,,,,,,,,,,
17141,Tremblay Inc.,Fergie Penbarthyx,fpenbarthyx@Tremblay.com,511-125-6938,6288 Loomis Park,San Antonio,Texas,78212,,,,,,,,,,,,,,,,,
15332,Treutel Group,Logan Lemany,llemany@TreutelGroup.com,968-604-0675,66 Talmadge Trail,New York City,New York,10121,,,,,,,,,,,,,,,,,
15352,Turcotte Corp,Ivy Maraz,imaraz@TurcotteCorp.com,503-677-0220,99 Eagan Road,New York City,New York,10105,,,,,,,,,,,,,,,,,
14434,Turner and Sons,Nikki Rowlett,nrowlett@Turner.com,211-779-9988,68 Banding Drive,Jackson,Mississippi,39213,,,,,,,,,,,,,,,,,
17024,Ullrich Inc.,Gene Glawsop,gglawsop@Ullrich.com,295-583-3378,55 Sherman Trail,Topeka,Kansas,66609,,,,,,,,,,,,,,,,,
15076,Upton LLC,Valerie Grassick,vgrassick@Upton.com,757-894-6025,2368 Gateway Avenue,Santa Monica,California,90402,,,,,,,,,,,,,,,,,
15820,Vandervort LLC,Dirk Burnapp,dburnapp@Vandervort.com,166-610-1493,4 Carberry Center,Cleveland,Ohio,44104,,,,,,,,,,,,,,,,,
15059,Veum Group,Mia Beven,mbeven@VeumGroup.com,810-314-2755,29 Fremont Crossing,Brooklyn,New York,11243,,,,,,,,,,,,,,,,,
17419,Volkman LLC,Maple Adey,madey@Volkman.com,800-101-9786,32365 Meadow Vale Trail,Baltimore,Maryland,21201,,,,,,,,,,,,,,,,,
15002,Waelchi Inc.,Lyle Edmeads,ledmeads@Waelchi.com,621-666-4021,154 Eastwood Crossing,Albany,New York,12202,,,,,,,,,,,,,,,,,
14397,Walker Group,Anil Crippes,acrippes@WalkerGroup.com,954-309-1980,12304 Pepper Wood Lane,Young America,Minnesota,55397,,,,,,,,,,,,,,,,,
14784,Walsh Inc.,Demir Redwood,dredwood@Walsh.org,200-458-1937,977 Bartelt Court,Las Vegas,Nevada,89148,,,,,,,,,,,,,,,,,
15371,Walter LTD,Guisi Checcucci,gcheccucci@WalterLTD.com,247-933-0329,7 Charing Cross Crossing,Rochester,New York,14610,,,,,,,,,,,,,,,,,
16830,Ward-Mills,Lee Smullina,lsmullina@WardMills.com,398-862-3643,84 Swallow Alley,Indianapolis,Indiana,46221,,,,,,,,,,,,,,,,,
16772,Waters Co.,Nadia Carolib,ncarolib@WatersCo..com,770-338-9385,3 Park Meadow Terrace,Fort Wayne,Indiana,46804,,,,,,,,,,,,,,,,,
14861,Wehner and Sons,Roy Hazeleyc,rhazeleyc@Wehner.com,223-844-2416,1 Kingsford Terrace,North Hollywood,California,91605,,,,,,,,,,,,,,,,,
17420,Wehner Inc.,Sutton Zapaterd,szapaterd@Wehner.com,806-489-3809,6864 Kingsford Pass,Richmond,Virginia,23237,,,,,,,,,,,,,,,,,
17692,West Technologies,Holly Mille,hmille@WestTechnologies.com,432-616-2319,2724 Grim Trail,Huntington,West Virginia,25701,,,,,,,,,,,,,,,,,
15783,White Group,Bree Sperskif,bsperskif@WhiteGroup.com,357-538-6000,1 Londonderry Point,Cincinnati,Ohio,45218,,,,,,,,,,,,,,,,,
14415,Wiegand Inc.,Tom Smither,tsmither@Wiegand.com,527-835-1981,3 Redwing Crossing,Montgomery,Alabama,36110,,,,,,,,,,,,,,,,,
17219,Wilderman Inc.,James Vialsh,jvialsh@Wilderman.org,689-136-5012,953 Nancy Way,Louisville,Kentucky,40223,,,,,,,,,,,,,,,,,
17082,Wilderman Technologies,Leona Pancoasti,lpancoasti@WildermanTechnologies.com,194-120-4726,5 Kipling Parkway,Houston,Texas,77035,,,,,,,,,,,,,,,,,
17537,Wilkinson LLC,Claxton Keelyj,ckeelyj@Wilkinson.com,605-125-4017,58 Everett Parkway,Boston,Massachusetts,02222,,,,,,,,,,,,,,,,,
16852,Williamson Co.,Eldon Lorenzinik,elorenzinik@WilliamsonCo.com,564-902-5870,1564 Sunnyside Circle,Dallas,Texas,75214,,,,,,,,,,,,,,,,,
17730,Windler Tech Supplies,Charmaine Jeel,cjeel@WindlerTechSupplies.com,999-185-3764,16 Stang Center,Cheyenne,Wyoming,82001,,,,,,,,,,,,,,,,,
16111,Wintheiser Inc.,Willis Burnsidem,wburnsidem@Wintheiser.com,273-637-2150,36 Morningstar Court,Portland,Oregon,97221,,,,,,,,,,,,,,,,,
17119,Witting Innovations,Torrance Eastupn,teastupn@WittingInnovations.com,213-889-6815,3338 Vermont Park,London,Kentucky,40744,,,,,,,,,,,,,,,,,
16425,Wolff LLC,Rian Leslieo,rleslieo@Wolff.com,103-134-8670,9263 South Point,Columbia,South Carolina,29205,,,,,,,,,,,,,,,,,
16131,WPS Technologies,Jeremy Jeffcoatep,jjeffcoatep@WPSTechnologies.com,236-543-6701,63059 Crest Line Place,Erie,Pennsylvania,16511,,,,,,,,,,,,,,,,,
16169,Wyman Institute,Malik Duchartq,mduchartq@WymanInstitute.com,803-169-7038,9891 Ohio Circle,Albany,Georgia,30411,,,,,,,,,,,,,,,,,
16129,Yost LLC,Afua Adenotr,aadenotr@Yost.com,577-853-4096,18 Straubel Alley,Tampa,Florida,33624,,,,,,,,,,,,,,,,,
14705,Zemlak Inc.,Zara Jelks,zjelks@Zemlak.org,494-473-4016,82 Esch Avenue,Fresno,California,93650,,,,,,,,,,,,,,,,,
16482,Zoo Technologies,Dalton Hendonsont,dhendonsont@ZooTechnologies.com,555-317-3317,2222 Northland Crossing,Honolulu,Hawaii,96814,,,,,,,,,,,,,,,,,
